registrar,callAddr,col,tag,id,ptr,block
RecvOnly,14020701d,0,OK,2ec,1425b0ba0,.data
RecvOnly,14020701d,1,CODE,,1410e2800,.text
RecvOnly,14020701d,0,OK,2eb,1425b0c20,.data
RecvOnly,14020701d,1,CODE,,1410e2930,.text
RecvOnly,140207d8d,0,OK,13,1425b1150,.data
RecvOnly,140207d8d,1,CODE,,1410f1830,.text
RecvOnly,140207d8d,0,OK,11,1425b1220,.data
RecvOnly,140207d8d,1,CODE,,1410f15d0,.text
RecvOnly,140207d8d,0,OK,14,1425b12a0,.data
RecvOnly,140207d8d,1,CODE,,1410f1690,.text
RecvOnly,140207d8d,0,OK,12,1425b1390,.data
RecvOnly,140207d8d,1,CODE,,1410f1650,.text
RecvOnly,140207d8d,0,OK,16,1425b1430,.data
RecvOnly,140207d8d,1,CODE,,1410f1870,.text
RecvOnly,14020b30d,0,OK,2de,1425dc610,.data
RecvOnly,14020b30d,1,CODE,,1412c19a0,.text
RecvOnly,14020b30d,0,OK,2df,1425dc6e0,.data
RecvOnly,14020b30d,1,CODE,,1412c1a10,.text
RecvOnly,14020b30d,0,OK,2e0,1425dc850,.data
RecvOnly,14020b30d,1,CODE,,1412c1b20,.text
RecvOnly,14020b30d,0,OK,2e1,1425dc920,.data
RecvOnly,14020b30d,1,CODE,,1412c1b90,.text
RecvOnly,14020b30d,0,OK,2e2,1425dc9f0,.data
RecvOnly,14020b30d,1,CODE,,1412c1c00,.text
RecvOnly,14020b30d,0,OK,2e3,1425dcac0,.data
RecvOnly,14020b30d,1,CODE,,1412c1c90,.text
RecvOnly,14020b30d,0,OK,2e4,1425dcc10,.data
RecvOnly,14020b30d,1,CODE,,1412c1d20,.text
RecvOnly,14020b30d,0,OK,2e5,1425dcce0,.data
RecvOnly,14020b30d,1,CODE,,1412c1dc0,.text
RecvOnly,14021bc9d,0,OK,30e,1425f0880,.data
RecvOnly,14021bc9d,1,CODE,,141342da0,.text
RecvOnly,14021bc9d,0,OK,30f,1425f0900,.data
RecvOnly,14021bc9d,1,CODE,,141343c50,.text
RecvOnly,14021bded,0,OK,312,1425f0db0,.data
RecvOnly,14021bded,1,CODE,,1413582c0,.text
RecvOnly,14021bded,0,OK,315,1425f0f50,.data
RecvOnly,14021bded,1,CODE,,141357f20,.text
RecvOnly,14021bded,0,OK,316,1425f1160,.data
RecvOnly,14021bded,1,CODE,,141357f50,.text
RecvOnly,14021bded,0,OK,313,1425f0e50,.data
RecvOnly,14021bded,1,CODE,,141358120,.text
RecvOnly,14021bded,0,OK,314,1425f0ed0,.data
RecvOnly,14021bded,1,CODE,,1413581f0,.text
RecvOnly,14021c29d,0,OK,317,1425f1510,.data
RecvOnly,14021c29d,1,CODE,,14135b520,.text
RecvOnly,14021c29d,0,OK,318,1425f15e0,.data
RecvOnly,14021c29d,1,CODE,,14135b580,.text
RecvOnly,14021c29d,0,OK,319,1425f1680,.data
RecvOnly,14021c29d,1,CODE,,14135b5e0,.text
RecvOnly,14021c29d,0,OK,31a,1425f1770,.data
RecvOnly,14021c29d,1,CODE,,14135b630,.text
RecvOnly,14021c29d,0,OK,31b,1425f1810,.data
RecvOnly,14021c29d,1,CODE,,14135b660,.text
RecvOnly,14021c29d,0,OK,31c,1425f1900,.data
RecvOnly,14021c29d,1,CODE,,14135b6c0,.text
RecvOnly,14021c29d,0,OK,31d,1425f19a0,.data
RecvOnly,14021c29d,1,CODE,,14135b6f0,.text
RecvOnly,14021d48d,0,OK,3b9,1425fd090,.data
RecvOnly,14021d48d,1,CODE,,1417f3790,.text
RecvOnly,14021d48d,0,OK,3ba,1425fd130,.data
RecvOnly,14021d48d,1,CODE,,1417f37c0,.text
RecvOnly,14021d48d,0,OK,3bb,1425fd220,.data
RecvOnly,14021d48d,1,CODE,,1417f37f0,.text
RecvOnly,14021d48d,0,OK,3bc,1425fd2c0,.data
RecvOnly,14021d48d,1,CODE,,1417f3820,.text
RecvOnly,14021d48d,0,OK,3bd,1425fd360,.data
RecvOnly,14021d48d,1,CODE,,1417f3850,.text
RecvOnly,14021d48d,0,OK,3be,1425fd400,.data
RecvOnly,14021d48d,1,CODE,,1417f38b0,.text
RecvOnly,14021d48d,0,OK,3bf,1425fd4a0,.data
RecvOnly,14021d48d,1,CODE,,1417f38e0,.text
RecvOnly,14021d48d,0,OK,3c0,1425fd590,.data
RecvOnly,14021d48d,1,CODE,,1417f3910,.text
RecvOnly,14021d48d,0,OK,3c1,1425fd7c0,.data
RecvOnly,14021d48d,1,CODE,,1417f3940,.text
RecvOnly,14021d48d,0,OK,3c2,1425fd9f0,.data
RecvOnly,14021d48d,1,CODE,,1417f3970,.text
RecvOnly,14021d48d,0,OK,3c3,1425fdae0,.data
RecvOnly,14021d48d,1,CODE,,1417f39a0,.text
RecvOnly,14021d48d,0,OK,3c8,1425fdca0,.data
RecvOnly,14021d48d,1,CODE,,1417f39d0,.text
RecvOnly,14021d48d,0,OK,3c9,1425fddc0,.data
RecvOnly,14021d48d,1,CODE,,1417f3a00,.text
RecvOnly,14021d48d,0,OK,3ca,1425fdf50,.data
RecvOnly,14021d48d,1,CODE,,1417f3a30,.text
RecvOnly,14021d48d,0,OK,3cb,1425fe070,.data
RecvOnly,14021d48d,1,CODE,,1417f3a60,.text
RecvOnly,14021d48d,0,OK,3cc,1425fe2f0,.data
RecvOnly,14021d48d,1,CODE,,1417f3880,.text
RecvOnly,14021d48d,0,OK,3cd,1425fe390,.data
RecvOnly,14021d48d,1,CODE,,1417f3a90,.text
RecvOnly,14021d48d,0,OK,3ce,1425fe430,.data
RecvOnly,14021d48d,1,CODE,,1417f3ac0,.text
RecvOnly,14021d48d,0,OK,3cf,1425fe4d0,.data
RecvOnly,14021d48d,1,CODE,,1417f3af0,.text
RecvOnly,14021d48d,0,OK,3d0,1425fe570,.data
RecvOnly,14021d48d,1,CODE,,1417f3b50,.text
RecvOnly,14021d48d,0,OK,3d1,1425fe690,.data
RecvOnly,14021d48d,1,CODE,,1417f3b20,.text
RecvOnly,14021d48d,0,OK,3d2,1425fe730,.data
RecvOnly,14021d48d,1,CODE,,1417f3b80,.text
RecvOnly,14021e4ad,0,OK,3f8,142602540,.data
RecvOnly,14021e4ad,1,CODE,,1413f3590,.text
RecvOnly,14021e4ad,0,OK,3f9,142602640,.data
RecvOnly,14021e4ad,1,CODE,,1413f35e0,.text
RecvOnly,14021e75d,0,OK,3fd,142602e10,.data
RecvOnly,14021e75d,1,CODE,,1414082b0,.text
RecvOnly,14021e75d,0,OK,3fe,142603040,.data
RecvOnly,14021e75d,1,CODE,,1414083a0,.text
RecvOnly,14021e75d,0,OK,3ff,1426032c0,.data
RecvOnly,14021e75d,1,CODE,,1414084a0,.text
RecvOnly,14021e75d,0,OK,400,142603360,.data
RecvOnly,14021e75d,1,CODE,,1414084e0,.text
RecvOnly,14021e75d,0,OK,401,142603400,.data
RecvOnly,14021e75d,1,CODE,,141408510,.text
RecvOnly,14021e75d,0,OK,402,1426034a0,.data
RecvOnly,14021e75d,1,CODE,,141408540,.text
RecvOnly,14021e75d,0,OK,403,142603540,.data
RecvOnly,14021e75d,1,CODE,,141408570,.text
RecvOnly,14021e75d,0,OK,404,1426035e0,.data
RecvOnly,14021e75d,1,CODE,,1414085a0,.text
RecvOnly,14021e85d,0,OK,405,142603750,.data
RecvOnly,14021e85d,1,CODE,,141409ba0,.text
RecvOnly,14021e85d,0,OK,406,1426038c0,.data
RecvOnly,14021e85d,1,CODE,,141409d60,.text
RecvOnly,14021e85d,0,OK,407,142603960,.data
RecvOnly,14021e85d,1,CODE,,141409cd0,.text
RecvOnly,14021e85d,0,OK,408,142603ad0,.data
RecvOnly,14021e85d,1,CODE,,141409d20,.text
RecvOnly,14021e85d,0,OK,409,142603b50,.data
RecvOnly,14021e85d,1,CODE,,141409da0,.text
RecvOnly,14021e85d,0,OK,40a,142603bd0,.data
RecvOnly,14021e85d,1,CODE,,141409de0,.text
RecvOnly,14021ee6d,0,OK,6,14260a850,.data
RecvOnly,14021ee6d,1,CODE,,141441ac0,.text
RecvOnly,14021ee6d,0,OK,7,14260a990,.data
RecvOnly,14021ee6d,1,CODE,,141441af0,.text
RecvOnly,14021ee6d,0,OK,8,14260aa80,.data
RecvOnly,14021ee6d,1,CODE,,141441b20,.text
RecvOnly,14021ee6d,0,OK,9,14260aba0,.data
RecvOnly,14021ee6d,1,CODE,,141441af0,.text
RecvOnly,14021ee6d,0,OK,a,14260ad10,.data
RecvOnly,14021ee6d,1,CODE,,141441af0,.text
RecvOnly,14021ee6d,0,OK,43b,142607550,.data
RecvOnly,14021ee6d,1,CODE,,141440ad0,.text
RecvOnly,14021ee6d,0,OK,43c,142607620,.data
RecvOnly,14021ee6d,1,CODE,,141440b10,.text
RecvOnly,14021ee6d,0,OK,43d,142607710,.data
RecvOnly,14021ee6d,1,CODE,,141440b50,.text
RecvOnly,14021ee6d,0,OK,43e,1426077b0,.data
RecvOnly,14021ee6d,1,CODE,,141440b80,.text
RecvOnly,14021ee6d,0,OK,43f,1426078d0,.data
RecvOnly,14021ee6d,1,CODE,,141440bd0,.text
RecvOnly,14021ee6d,0,OK,440,1426079c0,.data
RecvOnly,14021ee6d,1,CODE,,141440c10,.text
RecvOnly,14021ee6d,0,OK,441,142607ae0,.data
RecvOnly,14021ee6d,1,CODE,,141440c60,.text
RecvOnly,14021ee6d,0,OK,442,142607bd0,.data
RecvOnly,14021ee6d,1,CODE,,141440df0,.text
RecvOnly,14021ee6d,0,OK,443,142607c70,.data
RecvOnly,14021ee6d,1,CODE,,141440e20,.text
RecvOnly,14021ee6d,0,OK,444,142607e30,.data
RecvOnly,14021ee6d,1,CODE,,141440eb0,.text
RecvOnly,14021ee6d,0,OK,445,142607ed0,.data
RecvOnly,14021ee6d,1,CODE,,141440ee0,.text
RecvOnly,14021ee6d,0,OK,446,142607ff0,.data
RecvOnly,14021ee6d,1,CODE,,141440ca0,.text
RecvOnly,14021ee6d,0,OK,447,1426080c0,.data
RecvOnly,14021ee6d,1,CODE,,141440cd0,.text
RecvOnly,14021ee6d,0,OK,448,142608230,.data
RecvOnly,14021ee6d,1,CODE,,141440d10,.text
RecvOnly,14021ee6d,0,OK,449,1426082d0,.data
RecvOnly,14021ee6d,1,CODE,,141440db0,.text
RecvOnly,14021ee6d,0,OK,44a,1426083f0,.data
RecvOnly,14021ee6d,1,CODE,,141440f20,.text
RecvOnly,14021ee6d,0,OK,44b,1426084c0,.data
RecvOnly,14021ee6d,1,CODE,,141440f50,.text
RecvOnly,14021ee6d,0,OK,44c,1426085b0,.data
RecvOnly,14021ee6d,1,CODE,,141440f90,.text
RecvOnly,14021ee6d,0,OK,44d,142608680,.data
RecvOnly,14021ee6d,1,CODE,,141440fc0,.text
RecvOnly,14021ee6d,0,OK,44e,142608750,.data
RecvOnly,14021ee6d,1,CODE,,141441000,.text
RecvOnly,14021ee6d,0,OK,44f,142608870,.data
RecvOnly,14021ee6d,1,CODE,,141441050,.text
RecvOnly,14021ee6d,0,OK,450,142608910,.data
RecvOnly,14021ee6d,1,CODE,,141441080,.text
RecvOnly,14021ee6d,0,OK,451,1426089e0,.data
RecvOnly,14021ee6d,1,CODE,,1414410c0,.text
RecvOnly,14021ee6d,0,OK,452,142608b20,.data
RecvOnly,14021ee6d,1,CODE,,141441110,.text
RecvOnly,14021ee6d,0,OK,453,142608c10,.data
RecvOnly,14021ee6d,1,CODE,,141441150,.text
RecvOnly,14021ee6d,0,OK,454,142608d00,.data
RecvOnly,14021ee6d,1,CODE,,141441190,.text
RecvOnly,14021ee6d,0,OK,455,142608d80,.data
RecvOnly,14021ee6d,1,CODE,,1414411c0,.text
RecvOnly,14021ee6d,0,OK,456,142608e20,.data
RecvOnly,14021ee6d,1,CODE,,1414411f0,.text
RecvOnly,14021ee6d,0,OK,457,142608ef0,.data
RecvOnly,14021ee6d,1,CODE,,141441220,.text
RecvOnly,14021ee6d,0,OK,458,142608f90,.data
RecvOnly,14021ee6d,1,CODE,,141441250,.text
RecvOnly,14021ee6d,0,OK,459,142609060,.data
RecvOnly,14021ee6d,1,CODE,,141441280,.text
RecvOnly,14021ee6d,0,OK,45a,142609130,.data
RecvOnly,14021ee6d,1,CODE,,1414412b0,.text
RecvOnly,14021ee6d,0,OK,45b,142609200,.data
RecvOnly,14021ee6d,1,CODE,,1414412f0,.text
RecvOnly,14021ee6d,0,OK,45c,142609340,.data
RecvOnly,14021ee6d,1,CODE,,141441340,.text
RecvOnly,14021ee6d,0,OK,45d,1426093e0,.data
RecvOnly,14021ee6d,1,CODE,,141441370,.text
RecvOnly,14021ee6d,0,OK,45e,1426094d0,.data
RecvOnly,14021ee6d,1,CODE,,1414413b0,.text
RecvOnly,14021ee6d,0,OK,463,142609570,.data
RecvOnly,14021ee6d,1,CODE,,1414413e0,.text
RecvOnly,14021ee6d,0,OK,464,142609660,.data
RecvOnly,14021ee6d,1,CODE,,141441420,.text
RecvOnly,14021ee6d,0,OK,465,142609750,.data
RecvOnly,14021ee6d,1,CODE,,141441460,.text
RecvOnly,14021ee6d,0,OK,45f,1426097d0,.data
RecvOnly,14021ee6d,1,CODE,,141441490,.text
RecvOnly,14021ee6d,0,OK,460,1426098c0,.data
RecvOnly,14021ee6d,1,CODE,,1414414d0,.text
RecvOnly,14021ee6d,0,OK,461,142609960,.data
RecvOnly,14021ee6d,1,CODE,,141441500,.text
RecvOnly,14021ee6d,0,OK,462,142609a30,.data
RecvOnly,14021ee6d,1,CODE,,141441540,.text
RecvOnly,14021ef5d,0,OK,475,14260b320,.data
RecvOnly,14021ef5d,1,CODE,,141444800,.text
RecvOnly,14021ef5d,0,OK,476,14260b410,.data
RecvOnly,14021ef5d,1,CODE,,1414448b0,.text
RecvOnly,14021ef5d,0,OK,477,14260b490,.data
RecvOnly,14021ef5d,1,CODE,,141444910,.text
RecvOnly,14021ef5d,0,OK,478,14260b530,.data
RecvOnly,14021ef5d,1,CODE,,141444990,.text
RecvOnly,14021ef5d,0,OK,479,14260b5d0,.data
RecvOnly,14021ef5d,1,CODE,,141444a10,.text
RecvOnly,14021ef5d,0,OK,47a,14260b6c0,.data
RecvOnly,14021ef5d,1,CODE,,141444aa0,.text
RecvOnly,14021f7bd,0,OK,4ba,14260e920,.data
RecvOnly,14021f7bd,1,CODE,,141466280,.text
RecvOnly,14021f7bd,0,OK,4bb,14260e9f0,.data
RecvOnly,14021f7bd,1,CODE,,1414662f0,.text
RecvOnly,14021fa1d,0,OK,4c2,14260f410,.data
RecvOnly,14021fa1d,1,CODE,,141475f10,.text
RecvOnly,14021faad,0,OK,4c5,14260faa0,.data
RecvOnly,14021faad,1,CODE,,141477230,.text
RecvOnly,14021fb6d,0,OK,4c6,14260fe60,.data
RecvOnly,14021fb6d,1,CODE,,141477620,.text
RecvOnly,14021fb6d,0,OK,4c7,14260ff00,.data
RecvOnly,14021fb6d,1,CODE,,1414776b0,.text
RecvOnly,14021fb6d,0,OK,4c8,14260ffd0,.data
RecvOnly,14021fb6d,1,CODE,,141477760,.text
RecvOnly,14021fb6d,0,OK,4c9,142610070,.data
RecvOnly,14021fb6d,1,CODE,,141477800,.text
RecvOnly,14021fb6d,0,OK,4ca,142610140,.data
RecvOnly,14021fb6d,1,CODE,,1402401f0,.text
RecvOnly,14021fb6d,0,OK,4cb,1426101c0,.data
RecvOnly,14021fb6d,1,CODE,,141477890,.text
RecvOnly,14021fb6d,0,OK,4cc,142610260,.data
RecvOnly,14021fb6d,1,CODE,,141477920,.text
RecvOnly,14022009d,0,OK,4d3,142610d70,.data
RecvOnly,14022009d,1,CODE,,141482810,.text
RecvOnly,14022009d,0,OK,4d4,142610e10,.data
RecvOnly,14022009d,1,CODE,,1414827e0,.text
RecvOnly,14022009d,0,OK,4d5,142610eb0,.data
RecvOnly,14022009d,1,CODE,,1414827a0,.text
RecvOnly,14022009d,0,OK,4d6,142610f80,.data
RecvOnly,14022009d,1,CODE,,141482850,.text
RecvOnly,14022009d,0,OK,4d7,142611070,.data
RecvOnly,14022009d,1,CODE,,141482890,.text
RecvOnly,14022009d,0,OK,4d8,1426110f0,.data
RecvOnly,14022009d,1,CODE,,1414828c0,.text
RecvOnly,14022009d,0,OK,4d9,142611190,.data
RecvOnly,14022009d,1,CODE,,1414828f0,.text
RecvOnly,14022035d,0,OK,4dd,142612020,.data
RecvOnly,14022035d,1,CODE,,14148c210,.text
RecvOnly,140230f4d,0,OK,b,14263ee70,.data
RecvOnly,140230f4d,1,CODE,,1417ec460,.text
RecvOnly,140230f4d,0,OK,c,14263eec0,.data
RecvOnly,140230f4d,1,CODE,,1417ec480,.text
RecvOnly,140230f4d,0,OK,d,14263ef60,.data
RecvOnly,140230f4d,1,CODE,,1417ec4e0,.text
RecvOnly,140230f4d,0,OK,e,14263f000,.data
RecvOnly,140230f4d,1,CODE,,1417ec5b0,.text
RecvOnly,140230f4d,0,OK,f,14263f0a0,.data
RecvOnly,140230f4d,1,CODE,,1417ec4b0,.text
RecvOnly,140230f4d,0,OK,10,14263f140,.data
RecvOnly,140230f4d,1,CODE,,1417ec5f0,.text
TablePair,1401a6fc1,0,OK,1,1425a8fa0,.data
TablePair,1401a6fc1,0,OK,2,1425a8ff0,.data
TablePair,1401a6fc1,0,OK,1,1425a9070,.data
TablePair,1401a6fc1,1,CODE,,14023e8e0,.text
TablePair,1401a6fc1,0,OK,2,1425a9160,.data
TablePair,1401a6fc1,1,CODE,,14023e920,.text
TablePair,1401a6fc1,0,OK,4f4,1425a9230,.data
TablePair,1401a6fc1,1,CODE,,14023e9b0,.text
TablePair,1401a6fc1,0,OK,3,1425a9350,.data
TablePair,1401a6fc1,1,CODE,,14023e860,.text
TablePair,1401a6fc1,0,OK,4,1425a93a0,.data
TablePair,1401a6fc1,1,CODE,,14023e8c0,.text
TablePair,1401a6fc1,0,OK,5,1425a9420,.data
TablePair,1401a6fc1,1,CODE,,14023e970,.text
TablePair,1401a7cc1,0,OK,1be,14254e6d0,.data
TablePair,1401a7cc1,0,OK,1bf,14254e750,.data
TablePair,1401a7cc1,0,OK,1c0,14254e7d0,.data
TablePair,1401a7cc1,0,OK,1c1,14254e8a0,.data
TablePair,1401a7cc1,0,OK,1c2,14254e940,.data
TablePair,1401a7cc1,0,OK,1c3,14254ea10,.data
TablePair,1401a7cc1,0,OK,1c4,14254eae0,.data
TablePair,1401a7cc1,0,OK,1c5,14254eb80,.data
TablePair,1401a7cc1,0,OK,1c6,14254ec20,.data
TablePair,1401a7cc1,0,OK,1c7,14254eca0,.data
TablePair,1401a7cc1,0,OK,47b,14254ed40,.data
TablePair,1401a7cc1,1,CODE,,14027ce90,.text
TablePair,1401ddef1,0,OK,1fd,142577820,.data
TablePair,1401ddef1,0,OK,1fe,142577960,.data
TablePair,1401ddef1,0,OK,1ff,142577a30,.data
TablePair,1401ddef1,0,OK,200,142577b50,.data
TablePair,1401ddef1,0,OK,201,142577bf0,.data
TablePair,1401ddef1,0,OK,202,142577cc0,.data
TablePair,1401ddef1,0,OK,4f5,142577d40,.data
TablePair,1401ddef1,1,CODE,,14094b310,.text
TablePair,1401ddef1,0,OK,4f6,142577de0,.data
TablePair,1401ddef1,1,CODE,,14094b380,.text
TablePair,1401ddef1,0,OK,4f7,142578060,.data
TablePair,1401ddef1,1,CODE,,14094b570,.text
TablePair,1401ddef1,0,OK,4f8,1425782e0,.data
TablePair,1401ddef1,1,CODE,,14094b820,.text
TablePair,1401ddef1,0,OK,4f9,142578400,.data
TablePair,1401ddef1,1,CODE,,14094b9e0,.text
TablePair,1401ddef1,0,OK,4fa,1425784a0,.data
TablePair,1401ddef1,1,CODE,,14094ba50,.text
TablePair,1401ddef1,0,OK,4fb,142578520,.data
TablePair,1401ddef1,1,CODE,,1402401f0,.text
TablePair,1401ddef1,0,OK,4fc,1425785c0,.data
TablePair,1401ddef1,1,CODE,,14094bac0,.text
TablePair,1401ddef1,0,OK,4fd,142578690,.data
TablePair,1401ddef1,1,CODE,,14094bb90,.text
TablePair,1401ddef1,0,OK,4fe,142578760,.data
TablePair,1401ddef1,1,CODE,,14094bbf0,.text
TablePair,1401ddef1,0,OK,4ff,142578830,.data
TablePair,1401ddef1,1,CODE,,14094bc60,.text
TablePair,1401ddef1,0,OK,500,1425788b0,.data
TablePair,1401ddef1,1,CODE,,14094bcb0,.text
TablePair,1401de761,0,OK,203,1425795c0,.data
TablePair,1401de761,0,OK,204,142579660,.data
TablePair,1401de761,0,OK,501,1425796e0,.data
TablePair,1401de761,1,CODE,,140957920,.text
TablePair,1401de761,0,OK,502,142579800,.data
TablePair,1401de761,1,CODE,,140957950,.text
TablePair,1401de761,0,OK,503,1425798d0,.data
TablePair,1401de761,1,CODE,,1409579e0,.text
TablePair,1401de761,0,OK,504,142579970,.data
TablePair,1401de761,1,CODE,,140957a70,.text
TablePair,1401dee91,0,OK,205,14257ace0,.data
TablePair,1401dee91,0,OK,206,14257ad60,.data
TablePair,1401dee91,0,OK,207,14257adb0,.data
TablePair,1401dee91,0,OK,209,14257ae30,.data
TablePair,1401dee91,0,OK,20a,14257ae80,.data
TablePair,1401dee91,0,OK,20b,14257af20,.data
TablePair,1401dee91,0,OK,20c,14257aff0,.data
TablePair,1401dee91,0,OK,513,142579cd0,.data
TablePair,1401dee91,1,CODE,,1409ae590,.text
TablePair,1401dee91,0,OK,515,142579d50,.data
TablePair,1401dee91,1,CODE,,1409ae600,.text
TablePair,1401dee91,0,OK,516,142579e20,.data
TablePair,1401dee91,1,CODE,,1409ae810,.text
TablePair,1401dee91,0,OK,517,142579e70,.data
TablePair,1401dee91,1,CODE,,1409ae630,.text
TablePair,1401dee91,0,OK,518,142579f10,.data
TablePair,1401dee91,1,CODE,,1409ae690,.text
TablePair,1401dee91,0,OK,519,142579fb0,.data
TablePair,1401dee91,1,CODE,,1409ae730,.text
TablePair,1401dee91,0,OK,521,14257a4e0,.data
TablePair,1401dee91,1,CODE,,1409ae7b0,.text
TablePair,1401dee91,0,OK,522,14257a560,.data
TablePair,1401dee91,1,CODE,,1409ae7e0,.text
TablePair,1401dee91,0,OK,51b,14257a100,.data
TablePair,1401dee91,1,CODE,,1409ae840,.text
TablePair,1401dee91,0,OK,51a,14257a080,.data
TablePair,1401dee91,1,CODE,,1409ae880,.text
TablePair,1401dee91,0,OK,51c,14257a1d0,.data
TablePair,1401dee91,1,CODE,,1409ae8b0,.text
TablePair,1401dee91,0,OK,51d,14257a270,.data
TablePair,1401dee91,1,CODE,,1409ae8f0,.text
TablePair,1401dee91,0,OK,51e,14257a2f0,.data
TablePair,1401dee91,1,CODE,,1409ae920,.text
TablePair,1401dee91,0,OK,51f,14257a390,.data
TablePair,1401dee91,1,CODE,,1409ae950,.text
TablePair,1401dee91,0,OK,520,14257a460,.data
TablePair,1401dee91,1,CODE,,1409ae980,.text
TablePair,1401dee91,0,OK,523,14257a650,.data
TablePair,1401dee91,1,CODE,,1409ae9b0,.text
TablePair,1401dee91,0,OK,524,14257a740,.data
TablePair,1401dee91,1,CODE,,1409ae9f0,.text
TablePair,1401dee91,0,OK,525,14257a810,.data
TablePair,1401dee91,1,CODE,,1409ae3f0,.text
TablePair,1401dee91,0,OK,526,14257a930,.data
TablePair,1401dee91,1,CODE,,1409ae460,.text
TablePair,1401dee91,0,OK,527,14257aa50,.data
TablePair,1401dee91,1,CODE,,1409ae420,.text
TablePair,1401dee91,0,OK,528,14257ab40,.data
TablePair,1401dee91,1,CODE,,1409ae4c0,.text
TablePair,1401dee91,0,OK,529,14257abc0,.data
TablePair,1401dee91,1,CODE,,1409ae4f0,.text
TablePair,1401dee91,0,OK,53b,14257a890,.data
TablePair,1401dee91,1,CODE,,1409ae550,.text
TablePair,140204fb1,0,OK,3,1425a9cd0,.data
TablePair,140204fb1,0,OK,4,1425a9fb0,.data
TablePair,140204fb1,0,OK,5,1425aa190,.data
TablePair,140204fb1,0,OK,6,1425aa260,.data
TablePair,140204fb1,0,OK,7,1425aa4e0,.data
TablePair,140204fb1,0,OK,8,1425aa860,.data
TablePair,140204fb1,0,OK,9,1425ab710,.data
TablePair,140204fb1,0,OK,a,1425abec0,.data
TablePair,140204fb1,0,OK,b,1425ac280,.data
TablePair,140204fb1,0,OK,d,1425acb60,.data
TablePair,140204fb1,0,OK,e,1425ace80,.data
TablePair,140204fb1,0,OK,f,1425ad1a0,.data
TablePair,140204fb1,0,OK,10,1425ae020,.data
TablePair,140204fb1,0,OK,11,1425ae260,.data
TablePair,140204fb1,0,OK,12,1425ae360,.data
TablePair,140204fb1,0,OK,13,1425ae4d0,.data
TablePair,140204fb1,0,OK,14,1425ae850,.data
TablePair,140204fb1,0,OK,15,1425aec70,.data
TablePair,140204fb1,0,OK,16,1425aef90,.data
TablePair,140204fb1,0,OK,17,1425af260,.data
TablePair,140204fb1,0,OK,18,1425af4a0,.data
TablePair,140204fb1,0,OK,19,1425af7c0,.data
TablePair,140204fb1,0,OK,1a,1425af9a0,.data
TablePair,140204fb1,0,OK,1f,1425a9da0,.data
TablePair,140204fb1,1,CODE,,14102e010,.text
TablePair,140204fb1,0,OK,20,1425a9e70,.data
TablePair,140204fb1,1,CODE,,14102e0b0,.text
TablePair,140204fb1,0,OK,21,1425aa0a0,.data
TablePair,140204fb1,1,CODE,,14102e150,.text
TablePair,140204fb1,0,OK,22,1425aa3a0,.data
TablePair,140204fb1,1,CODE,,14102e1f0,.text
TablePair,140204fb1,0,OK,23,1425aa6a0,.data
TablePair,140204fb1,1,CODE,,14102e290,.text
TablePair,140204fb1,0,OK,24,1425aa930,.data
TablePair,140204fb1,1,CODE,,14102e330,.text
TablePair,140204fb1,0,OK,25,1425aaa00,.data
TablePair,140204fb1,1,CODE,,14102e3d0,.text
TablePair,140204fb1,0,OK,26,1425aacb0,.data
TablePair,140204fb1,1,CODE,,14102e470,.text
TablePair,140204fb1,0,OK,28,1425ab060,.data
TablePair,140204fb1,1,CODE,,14102e510,.text
TablePair,140204fb1,0,OK,29,1425ab3b0,.data
TablePair,140204fb1,1,CODE,,14102e5b0,.text
TablePair,140204fb1,0,OK,2a,1425ab480,.data
TablePair,140204fb1,1,CODE,,14102e6b0,.text
TablePair,140204fb1,0,OK,2b,1425afe90,.data
TablePair,140204fb1,1,CODE,,14102e750,.text
TablePair,140204fb1,0,OK,2c,1425aff60,.data
TablePair,140204fb1,1,CODE,,14102e7f0,.text
TablePair,140204fb1,0,OK,2d,1425b0030,.data
TablePair,140204fb1,1,CODE,,14102e890,.text
TablePair,140204fb1,0,OK,2e,1425b0100,.data
TablePair,140204fb1,1,CODE,,14102e930,.text
TablePair,140204fb1,0,OK,2f,1425b0290,.data
TablePair,140204fb1,1,CODE,,14102e9d0,.text
TablePair,140204fb1,0,OK,30,1425b0470,.data
TablePair,140204fb1,1,CODE,,14102ea70,.text
TablePair,140204fb1,0,OK,31,1425b0540,.data
TablePair,140204fb1,1,CODE,,14102eb10,.text
TablePair,140204fb1,0,OK,32,1425ab5a0,.data
TablePair,140204fb1,1,CODE,,14102ebb0,.text
TablePair,140204fb1,0,OK,33,1425ab640,.data
TablePair,140204fb1,1,CODE,,14102ec50,.text
TablePair,140204fb1,0,OK,34,1425ab850,.data
TablePair,140204fb1,1,CODE,,14102ecf0,.text
TablePair,140204fb1,0,OK,35,1425ab990,.data
TablePair,140204fb1,1,CODE,,14102ed90,.text
TablePair,140204fb1,0,OK,36,1425abb20,.data
TablePair,140204fb1,1,CODE,,14102ee30,.text
TablePair,140204fb1,0,OK,37,1425abcb0,.data
TablePair,140204fb1,1,CODE,,14102eed0,.text
TablePair,140204fb1,0,OK,38,1425ac050,.data
TablePair,140204fb1,1,CODE,,14102ef70,.text
TablePair,140204fb1,0,OK,39,1425ac440,.data
TablePair,140204fb1,1,CODE,,14102f010,.text
TablePair,140204fb1,0,OK,3a,1425ac600,.data
TablePair,140204fb1,1,CODE,,14102f0b0,.text
TablePair,140204fb1,0,OK,3b,1425ac7c0,.data
TablePair,140204fb1,1,CODE,,14102f150,.text
TablePair,140204fb1,0,OK,3c,1425ac950,.data
TablePair,140204fb1,1,CODE,,14102f1f0,.text
TablePair,140204fb1,0,OK,3d,1425adda0,.data
TablePair,140204fb1,1,CODE,,14102f510,.text
TablePair,140204fb1,0,OK,3e,1425accf0,.data
TablePair,140204fb1,1,CODE,,14102f290,.text
TablePair,140204fb1,0,OK,3f,1425ad010,.data
TablePair,140204fb1,1,CODE,,14102f330,.text
TablePair,140204fb1,0,OK,40,1425adaa0,.data
TablePair,140204fb1,1,CODE,,14102f3d0,.text
TablePair,140204fb1,0,OK,41,1425adbc0,.data
TablePair,140204fb1,1,CODE,,14102f470,.text
TablePair,140204fb1,0,OK,42,1425ad360,.data
TablePair,140204fb1,1,CODE,,14102f5b0,.text
TablePair,140204fb1,0,OK,43,1425ad520,.data
TablePair,140204fb1,1,CODE,,14102f650,.text
TablePair,140204fb1,0,OK,44,1425ad750,.data
TablePair,140204fb1,1,CODE,,14102f6f0,.text
TablePair,140204fb1,0,OK,45,1425ad8c0,.data
TablePair,140204fb1,1,CODE,,14102f790,.text
TablePair,140204fb1,0,OK,46,1425adf80,.data
TablePair,140204fb1,1,CODE,,14102f830,.text
TablePair,140204fb1,0,OK,47,1425ae140,.data
TablePair,140204fb1,1,CODE,,14102f860,.text
TablePair,140204fb1,0,OK,48,1425ae2e0,.data
TablePair,140204fb1,1,CODE,,14102f900,.text
TablePair,140204fb1,0,OK,4c,1425ae660,.data
TablePair,140204fb1,1,CODE,,14102f930,.text
TablePair,140204fb1,0,OK,4f,1425ae9c0,.data
TablePair,140204fb1,1,CODE,,14102f9d0,.text
TablePair,140204fb1,0,OK,50,1425aeb30,.data
TablePair,140204fb1,1,CODE,,14102fa70,.text
TablePair,140204fb1,0,OK,4d,1425ae730,.data
TablePair,140204fb1,1,CODE,,14102fb10,.text
TablePair,140204fb1,0,OK,4e,1425aed60,.data
TablePair,140204fb1,1,CODE,,14102fbb0,.text
TablePair,140204fb1,0,OK,51,1425aee50,.data
TablePair,140204fb1,1,CODE,,14102fc50,.text
TablePair,140204fb1,0,OK,52,1425af080,.data
TablePair,140204fb1,1,CODE,,14102fcf0,.text
TablePair,140204fb1,0,OK,53,1425af1c0,.data
TablePair,140204fb1,1,CODE,,14102fd90,.text
TablePair,140204fb1,0,OK,54,1425af380,.data
TablePair,140204fb1,1,CODE,,14102fdc0,.text
TablePair,140204fb1,0,OK,55,1425af630,.data
TablePair,140204fb1,1,CODE,,14102fe60,.text
TablePair,140204fb1,0,OK,56,1425af8b0,.data
TablePair,140204fb1,1,CODE,,14102ff00,.text
TablePair,140204fb1,0,OK,57,1425afb60,.data
TablePair,140204fb1,1,CODE,,14102ffa0,.text
TablePair,140204fb1,0,OK,58,1425afd20,.data
TablePair,140204fb1,1,CODE,,141030040,.text
TablePair,140208bb1,0,OK,1cf,1425b3bb0,.data
TablePair,140208bb1,0,OK,4d2,1425b3cd0,.data
TablePair,140208bb1,1,CODE,,14119d1d0,.text
TablePair,140209311,0,OK,1b,1425b4dd0,.data
TablePair,140209311,0,OK,59,1425b4bc0,.data
TablePair,140209311,1,CODE,,1402401f0,.text
TablePair,140209311,0,OK,5a,1425b4c60,.data
TablePair,140209311,1,CODE,,1411ac710,.text
TablePair,140209311,0,OK,5b,1425b4d30,.data
TablePair,140209311,1,CODE,,1411ac780,.text
TablePair,14020a031,0,OK,1c,1425b6300,.data
TablePair,14020a031,0,OK,1e,1425b6420,.data
TablePair,14020a031,0,OK,1f,1425b6540,.data
TablePair,14020a031,0,OK,20,1425b66b0,.data
TablePair,14020a031,0,OK,21,1425b6840,.data
TablePair,14020a031,0,OK,22,1425b6980,.data
TablePair,14020a031,0,OK,23,1425b6a80,.data
TablePair,14020a031,0,OK,24,1425b6b70,.data
TablePair,14020a031,0,OK,25,1425b6c60,.data
TablePair,14020a031,0,OK,26,1425b6cb0,.data
TablePair,14020a031,0,OK,27,1425b6e50,.data
TablePair,14020a031,0,OK,28,1425b6fe0,.data
TablePair,14020a031,0,OK,29,1425b7130,.data
TablePair,14020a031,0,OK,32,1425b7250,.data
TablePair,14020a031,0,OK,33,1425bb300,.data
TablePair,14020a031,0,OK,2a,1425b7350,.data
TablePair,14020a031,0,OK,2b,1425b7420,.data
TablePair,14020a031,0,OK,2c,1425b7600,.data
TablePair,14020a031,0,OK,2f,1425b7720,.data
TablePair,14020a031,0,OK,2d,1425b7820,.data
TablePair,14020a031,0,OK,31,1425b7970,.data
TablePair,14020a031,0,OK,30,1425b7ac0,.data
TablePair,14020a031,0,OK,7b,1425b7e90,.data
TablePair,14020a031,0,OK,7c,1425b7fe0,.data
TablePair,14020a031,0,OK,7d,1425b8100,.data
TablePair,14020a031,0,OK,7e,1425b8220,.data
TablePair,14020a031,0,OK,7f,1425b8360,.data
TablePair,14020a031,0,OK,80,1425b8460,.data
TablePair,14020a031,0,OK,72,1425b8580,.data
TablePair,14020a031,0,OK,73,1425b8720,.data
TablePair,14020a031,0,OK,74,1425b8840,.data
TablePair,14020a031,0,OK,76,1425b8a00,.data
TablePair,14020a031,0,OK,75,1425b8ad0,.data
TablePair,14020a031,0,OK,77,1425b8cc0,.data
TablePair,14020a031,0,OK,78,1425b8e00,.data
TablePair,14020a031,0,OK,79,1425b8ef0,.data
TablePair,14020a031,0,OK,7a,1425b8f90,.data
TablePair,14020a031,0,OK,34,1425b9150,.data
TablePair,14020a031,0,OK,35,1425b9240,.data
TablePair,14020a031,0,OK,38,1425b9480,.data
TablePair,14020a031,0,OK,39,1425b95f0,.data
TablePair,14020a031,0,OK,3b,1425b99a0,.data
TablePair,14020a031,0,OK,3a,1425b9790,.data
TablePair,14020a031,0,OK,3d,1425b9b40,.data
TablePair,14020a031,0,OK,3e,1425b9cb0,.data
TablePair,14020a031,0,OK,3f,1425b9d30,.data
TablePair,14020a031,0,OK,40,1425b9ef0,.data
TablePair,14020a031,0,OK,41,1425ba040,.data
TablePair,14020a031,0,OK,42,1425ba0c0,.data
TablePair,14020a031,0,OK,44,1425ba1e0,.data
TablePair,14020a031,0,OK,45,1425ba2b0,.data
TablePair,14020a031,0,OK,46,1425ba5b0,.data
TablePair,14020a031,0,OK,47,1425ba630,.data
TablePair,14020a031,0,OK,48,1425ba7d0,.data
TablePair,14020a031,0,OK,49,1425bb5d0,.data
TablePair,14020a031,0,OK,4a,1425bb6f0,.data
TablePair,14020a031,0,OK,4b,1425bb840,.data
TablePair,14020a031,0,OK,81,1425ba990,.data
TablePair,14020a031,0,OK,82,1425baae0,.data
TablePair,14020a031,0,OK,83,1425bac20,.data
TablePair,14020a031,0,OK,84,1425bad40,.data
TablePair,14020a031,0,OK,85,1425badc0,.data
TablePair,14020a031,0,OK,86,1425baf10,.data
TablePair,14020a031,0,OK,4d,1425bb030,.data
TablePair,14020a031,0,OK,4e,1425bb170,.data
TablePair,14020a031,0,OK,4f,1425bb3f0,.data
TablePair,14020a031,0,OK,50,1425bb9b0,.data
TablePair,14020a031,0,OK,51,1425bbaf0,.data
TablePair,14020a031,0,OK,52,1425bbc10,.data
TablePair,14020a031,0,OK,53,1425bbd50,.data
TablePair,14020a031,0,OK,54,1425bbee0,.data
TablePair,14020a031,0,OK,55,1425bc070,.data
TablePair,14020a031,0,OK,56,1425bc160,.data
TablePair,14020a031,0,OK,57,1425bc2d0,.data
TablePair,14020a031,0,OK,59,1425bc560,.data
TablePair,14020a031,0,OK,58,1425bc3f0,.data
TablePair,14020a031,0,OK,5a,1425bc680,.data
TablePair,14020a031,0,OK,5b,1425bc840,.data
TablePair,14020a031,0,OK,5c,1425bc8e0,.data
TablePair,14020a031,0,OK,5d,1425bc980,.data
TablePair,14020a031,0,OK,5e,1425bcb20,.data
TablePair,14020a031,0,OK,5f,1425bcc20,.data
TablePair,14020a031,0,OK,60,1425bcd10,.data
TablePair,14020a031,0,OK,61,1425bce10,.data
TablePair,14020a031,0,OK,62,1425bcf30,.data
TablePair,14020a031,0,OK,63,1425bd110,.data
TablePair,14020a031,0,OK,64,1425bd3a0,.data
TablePair,14020a031,0,OK,65,1425bd5b0,.data
TablePair,14020a031,0,OK,66,1425bd630,.data
TablePair,14020a031,0,OK,67,1425bd770,.data
TablePair,14020a031,0,OK,68,1425bd870,.data
TablePair,14020a031,0,OK,69,1425bd940,.data
TablePair,14020a031,0,OK,6a,1425bda60,.data
TablePair,14020a031,0,OK,6b,1425bdb60,.data
TablePair,14020a031,0,OK,6c,1425bdcb0,.data
TablePair,14020a031,0,OK,6d,1425bde50,.data
TablePair,14020a031,0,OK,6e,1425bdfe0,.data
TablePair,14020a031,0,OK,6f,1425be180,.data
TablePair,14020a031,0,OK,70,1425be2c0,.data
TablePair,14020a031,0,OK,71,1425be3e0,.data
TablePair,14020a031,0,OK,87,1425be5c0,.data
TablePair,14020a031,0,OK,88,1425be7b0,.data
TablePair,14020a031,0,OK,89,1425be8d0,.data
TablePair,14020a031,0,OK,8a,1425bea20,.data
TablePair,14020a031,0,OK,8b,1425beb90,.data
TablePair,14020a031,0,OK,8e,1425bee60,.data
TablePair,14020a031,0,OK,8d,1425bec60,.data
TablePair,14020a031,0,OK,8f,1425befa0,.data
TablePair,14020a031,0,OK,8c,1425bed60,.data
TablePair,14020a031,0,OK,90,1425bf0c0,.data
TablePair,14020a031,0,OK,91,1425bf1c0,.data
TablePair,14020a031,0,OK,92,1425bf290,.data
TablePair,14020a031,0,OK,93,1425bf2e0,.data
TablePair,14020a031,0,OK,94,1425bf570,.data
TablePair,14020a031,0,OK,95,1425bf690,.data
TablePair,14020a031,0,OK,96,1425bf800,.data
TablePair,14020a031,0,OK,97,1425bf9c0,.data
TablePair,14020a031,0,OK,98,1425bfb80,.data
TablePair,14020a031,0,OK,99,1425bfd90,.data
TablePair,14020a031,0,OK,9a,1425bff00,.data
TablePair,14020a031,0,OK,9b,1425c0050,.data
TablePair,14020a031,0,OK,a0,1425c0170,.data
TablePair,14020a031,0,OK,a1,1425c01f0,.data
TablePair,14020a031,0,OK,a2,1425c0330,.data
TablePair,14020a031,0,OK,a3,1425c0430,.data
TablePair,14020a031,0,OK,a4,1425c0580,.data
TablePair,14020a031,0,OK,a5,1425c0810,.data
TablePair,14020a031,0,OK,a6,1425c0a20,.data
TablePair,14020a031,0,OK,a7,1425c0b40,.data
TablePair,14020a031,0,OK,a8,1425c0bc0,.data
TablePair,14020a031,0,OK,a9,1425c0d50,.data
TablePair,14020a031,0,OK,aa,1425c0e70,.data
TablePair,14020a031,0,OK,ab,1425c1000,.data
TablePair,14020a031,0,OK,ac,1425c1170,.data
TablePair,14020a031,0,OK,ad,1425c12e0,.data
TablePair,14020a031,0,OK,ae,1425c13e0,.data
TablePair,14020a031,0,OK,af,1425c15a0,.data
TablePair,14020a031,0,OK,b0,1425c1740,.data
TablePair,14020a031,0,OK,b1,1425c1890,.data
TablePair,14020a031,0,OK,b2,1425c19b0,.data
TablePair,14020a031,0,OK,bf,1425c27b0,.data
TablePair,14020a031,0,OK,c0,1425c2920,.data
TablePair,14020a031,0,OK,b3,1425c1b50,.data
TablePair,14020a031,0,OK,b4,1425c1bd0,.data
TablePair,14020a031,0,OK,b5,1425c1c50,.data
TablePair,14020a031,0,OK,b6,1425c1cd0,.data
TablePair,14020a031,0,OK,b7,1425c1e90,.data
TablePair,14020a031,0,OK,b8,1425c1f60,.data
TablePair,14020a031,0,OK,ba,1425c20d0,.data
TablePair,14020a031,0,OK,bb,1425c21f0,.data
TablePair,14020a031,0,OK,bc,1425c23b0,.data
TablePair,14020a031,0,OK,bd,1425c2520,.data
TablePair,14020a031,0,OK,be,1425c2620,.data
TablePair,14020a031,0,OK,c1,1425c2bd0,.data
TablePair,14020a031,0,OK,c2,1425c2cd0,.data
TablePair,14020a031,0,OK,c3,1425c2e40,.data
TablePair,14020a031,0,OK,c4,1425c2f90,.data
TablePair,14020a031,0,OK,c5,1425c3250,.data
TablePair,14020a031,0,OK,c6,1425c3420,.data
TablePair,14020a031,0,OK,c7,1425c3570,.data
TablePair,14020a031,0,OK,c8,1425c36b0,.data
TablePair,14020a031,0,OK,c9,1425c37d0,.data
TablePair,14020a031,0,OK,ca,1425c38f0,.data
TablePair,14020a031,0,OK,cd,1425c3a30,.data
TablePair,14020a031,0,OK,ce,1425c3b50,.data
TablePair,14020a031,0,OK,cf,1425c3c40,.data
TablePair,14020a031,0,OK,cb,1425c3cc0,.data
TablePair,14020a031,0,OK,d0,1425c3d60,.data
TablePair,14020a031,0,OK,d1,1425c3eb0,.data
TablePair,14020a031,0,OK,d2,1425c3f50,.data
TablePair,14020a031,0,OK,d3,1425c4160,.data
TablePair,14020a031,0,OK,dc,1425c4ae0,.data
TablePair,14020a031,0,OK,dd,1425c4be0,.data
TablePair,14020a031,0,OK,de,1425c4d20,.data
TablePair,14020a031,0,OK,df,1425c4e90,.data
TablePair,14020a031,0,OK,e0,1425c4fe0,.data
TablePair,14020a031,0,OK,e1,1425c50e0,.data
TablePair,14020a031,0,OK,e3,1425c5c80,.data
TablePair,14020a031,0,OK,e2,1425c5b60,.data
TablePair,14020a031,0,OK,1d0,1425c5230,.data
TablePair,14020a031,0,OK,1d1,1425c5320,.data
TablePair,14020a031,0,OK,1d2,1425c5490,.data
TablePair,14020a031,0,OK,1d3,1425c5530,.data
TablePair,14020a031,0,OK,1d4,1425c5750,.data
TablePair,14020a031,0,OK,1d5,1425c5890,.data
TablePair,14020a031,0,OK,1d6,1425c5a70,.data
TablePair,14020a031,0,OK,e6,1425c5d80,.data
TablePair,14020a031,0,OK,e7,1425c5e70,.data
TablePair,14020a031,0,OK,e8,1425c5fc0,.data
TablePair,14020a031,0,OK,e9,1425c60c0,.data
TablePair,14020a031,0,OK,ea,1425c6250,.data
TablePair,14020a031,0,OK,d4,1425c4260,.data
TablePair,14020a031,0,OK,d5,1425c43d0,.data
TablePair,14020a031,0,OK,d6,1425c44f0,.data
TablePair,14020a031,0,OK,d8,1425c4630,.data
TablePair,14020a031,0,OK,d9,1425c4700,.data
TablePair,14020a031,0,OK,da,1425c4870,.data
TablePair,14020a031,0,OK,db,1425c49c0,.data
TablePair,14020a031,0,OK,eb,1425c6410,.data
TablePair,14020a031,0,OK,ec,1425c6650,.data
TablePair,14020a031,0,OK,ed,1425c6740,.data
TablePair,14020a031,0,OK,ee,1425c67c0,.data
TablePair,14020a031,0,OK,ef,1425c68e0,.data
TablePair,14020a031,0,OK,f0,1425c69e0,.data
TablePair,14020a031,0,OK,f1,1425c6ae0,.data
TablePair,14020a031,0,OK,f2,1425c6c70,.data
TablePair,14020a031,0,OK,f3,1425c6d90,.data
TablePair,14020a031,0,OK,f4,1425c6e90,.data
TablePair,14020a031,0,OK,f6,1425c6fb0,.data
TablePair,14020a031,0,OK,f5,1425c70a0,.data
TablePair,14020a031,0,OK,f7,1425c71c0,.data
TablePair,14020a031,0,OK,f8,1425c7290,.data
TablePair,14020a031,0,OK,f9,1425c73e0,.data
TablePair,14020a031,0,OK,fa,1425c74d0,.data
TablePair,14020a031,0,OK,fb,1425c75c0,.data
TablePair,14020a031,0,OK,fc,1425c7690,.data
TablePair,14020a031,0,OK,fd,1425c7760,.data
TablePair,14020a031,0,OK,fe,1425c7830,.data
TablePair,14020a031,0,OK,ff,1425c7980,.data
TablePair,14020a031,0,OK,100,1425c7ad0,.data
TablePair,14020a031,0,OK,5c,1425c7b70,.data
TablePair,14020a031,1,CODE,,141246040,.text
TablePair,14020a031,0,OK,5d,1425c7bf0,.data
TablePair,14020a031,1,CODE,,1412461a0,.text
TablePair,14020a031,0,OK,5e,1425c7d30,.data
TablePair,14020a031,1,CODE,,141246280,.text
TablePair,14020a031,0,OK,5f,1425c7e00,.data
TablePair,14020a031,1,CODE,,1412462e0,.text
TablePair,14020a031,0,OK,62,1425c7fc0,.data
TablePair,14020a031,1,CODE,,1412460a0,.text
TablePair,14020a031,0,OK,60,1425c80b0,.data
TablePair,14020a031,1,CODE,,141246140,.text
TablePair,14020a031,0,OK,61,1425c8200,.data
TablePair,14020a031,1,CODE,,141246210,.text
TablePair,14020a031,0,OK,63,1425c8390,.data
TablePair,14020a031,1,CODE,,141246350,.text
TablePair,14020a031,0,OK,64,1425c84e0,.data
TablePair,14020a031,1,CODE,,1412463a0,.text
TablePair,14020a031,0,OK,65,1425c85b0,.data
TablePair,14020a031,1,CODE,,1412463e0,.text
TablePair,14020a031,0,OK,66,1425c8700,.data
TablePair,14020a031,1,CODE,,141246430,.text
TablePair,14020a031,0,OK,67,1425c87d0,.data
TablePair,14020a031,1,CODE,,141246490,.text
TablePair,14020a031,0,OK,6c,1425c88d0,.data
TablePair,14020a031,1,CODE,,1412464d0,.text
TablePair,14020a031,0,OK,6d,1425c8a60,.data
TablePair,14020a031,1,CODE,,141246510,.text
TablePair,14020a031,0,OK,6e,1425c8b00,.data
TablePair,14020a031,1,CODE,,141246550,.text
TablePair,14020a031,0,OK,6a,1425c8b50,.data
TablePair,14020a031,1,CODE,,141246590,.text
TablePair,14020a031,0,OK,68,1425c9030,.data
TablePair,14020a031,1,CODE,,141246720,.text
TablePair,14020a031,0,OK,69,1425c9150,.data
TablePair,14020a031,1,CODE,,141246760,.text
TablePair,14020a031,0,OK,6b,1425c9250,.data
TablePair,14020a031,1,CODE,,1412467a0,.text
TablePair,14020a031,0,OK,70,1425c9370,.data
TablePair,14020a031,1,CODE,,1412467f0,.text
TablePair,14020a031,0,OK,71,1425c93f0,.data
TablePair,14020a031,1,CODE,,141246830,.text
TablePair,14020a031,0,OK,6f,1425c9540,.data
TablePair,14020a031,1,CODE,,141246870,.text
TablePair,14020a031,0,OK,72,1425c9660,.data
TablePair,14020a031,1,CODE,,1412468b0,.text
TablePair,14020a031,0,OK,73,1425c9880,.data
TablePair,14020a031,1,CODE,,141246920,.text
TablePair,14020a031,0,OK,74,1425c9a40,.data
TablePair,14020a031,1,CODE,,141246a00,.text
TablePair,14020a031,0,OK,75,1425c9c30,.data
TablePair,14020a031,1,CODE,,141246a80,.text
TablePair,14020a031,0,OK,77,1425c9ed0,.data
TablePair,14020a031,1,CODE,,141246ae0,.text
TablePair,14020a031,0,OK,76,1425c9cb0,.data
TablePair,14020a031,1,CODE,,141246b90,.text
TablePair,14020a031,0,OK,79,1425ca180,.data
TablePair,14020a031,1,CODE,,141246c60,.text
TablePair,14020a031,0,OK,7a,1425cecb0,.data
TablePair,14020a031,1,CODE,,141246f60,.text
TablePair,14020a031,0,OK,18,1425ca340,.data
TablePair,14020a031,1,CODE,,141246fb0,.text
TablePair,14020a031,0,OK,19,1425ca410,.data
TablePair,14020a031,1,CODE,,141247000,.text
TablePair,14020a031,0,OK,1a,1425ca530,.data
TablePair,14020a031,1,CODE,,141247060,.text
TablePair,14020a031,0,OK,1b,1425ca5b0,.data
TablePair,14020a031,1,CODE,,1412470e0,.text
TablePair,14020a031,0,OK,1c,1425ca6d0,.data
TablePair,14020a031,1,CODE,,141247130,.text
TablePair,14020a031,0,OK,1d,1425ca7d0,.data
TablePair,14020a031,1,CODE,,1412471d0,.text
TablePair,14020a031,0,OK,1e,1425ca910,.data
TablePair,14020a031,1,CODE,,141247240,.text
TablePair,14020a031,0,OK,95,1425caa80,.data
TablePair,14020a031,1,CODE,,1412472b0,.text
TablePair,14020a031,0,OK,96,1425caba0,.data
TablePair,14020a031,1,CODE,,141247310,.text
TablePair,14020a031,0,OK,7b,1425cee70,.data
TablePair,14020a031,1,CODE,,141247370,.text
TablePair,14020a031,0,OK,7c,1425cf0d0,.data
TablePair,14020a031,1,CODE,,141247400,.text
TablePair,14020a031,0,OK,97,1425cad60,.data
TablePair,14020a031,1,CODE,,1412474b0,.text
TablePair,14020a031,0,OK,98,1425bbdf0,.data
TablePair,14020a031,1,CODE,,141247860,.text
TablePair,14020a031,0,OK,99,1425bbf80,.data
TablePair,14020a031,1,CODE,,1412478b0,.text
TablePair,14020a031,0,OK,9a,1425bc1e0,.data
TablePair,14020a031,1,CODE,,141247900,.text
TablePair,14020a031,0,OK,9b,1425bc350,.data
TablePair,14020a031,1,CODE,,141247e10,.text
TablePair,14020a031,0,OK,7d,1425cf330,.data
TablePair,14020a031,1,CODE,,141247950,.text
TablePair,14020a031,0,OK,7e,1425cf4d0,.data
TablePair,14020a031,1,CODE,,141247990,.text
TablePair,14020a031,0,OK,7f,1425cf6b0,.data
TablePair,14020a031,1,CODE,,1412479f0,.text
TablePair,14020a031,0,OK,80,1425cf820,.data
TablePair,14020a031,1,CODE,,141247a50,.text
TablePair,14020a031,0,OK,81,1425cf960,.data
TablePair,14020a031,1,CODE,,141247a90,.text
TablePair,14020a031,0,OK,82,1425cfa80,.data
TablePair,14020a031,1,CODE,,141247ad0,.text
TablePair,14020a031,0,OK,83,1425cfba0,.data
TablePair,14020a031,1,CODE,,141247b10,.text
TablePair,14020a031,0,OK,84,1425cfd30,.data
TablePair,14020a031,1,CODE,,141247c80,.text
TablePair,14020a031,0,OK,85,1425cff40,.data
TablePair,14020a031,1,CODE,,141247c30,.text
TablePair,14020a031,0,OK,86,1425d0180,.data
TablePair,14020a031,1,CODE,,141247760,.text
TablePair,14020a031,0,OK,87,1425d02c0,.data
TablePair,14020a031,1,CODE,,141247560,.text
TablePair,14020a031,0,OK,88,1425d0390,.data
TablePair,14020a031,1,CODE,,1412477a0,.text
TablePair,14020a031,0,OK,89,1425d0460,.data
TablePair,14020a031,1,CODE,,1412477e0,.text
TablePair,14020a031,0,OK,8a,1425d0560,.data
TablePair,14020a031,1,CODE,,1412476e0,.text
TablePair,14020a031,0,OK,8b,1425d05e0,.data
TablePair,14020a031,1,CODE,,141247820,.text
TablePair,14020a031,0,OK,8c,1425d0820,.data
TablePair,14020a031,1,CODE,,141247520,.text
TablePair,14020a031,0,OK,8d,1425d0960,.data
TablePair,14020a031,1,CODE,,141247720,.text
TablePair,14020a031,0,OK,8e,1425d0a50,.data
TablePair,14020a031,1,CODE,,1412475e0,.text
TablePair,14020a031,0,OK,8f,1425d0b50,.data
TablePair,14020a031,1,CODE,,1412475a0,.text
TablePair,14020a031,0,OK,90,1425d1300,.data
TablePair,14020a031,1,CODE,,141247620,.text
TablePair,14020a031,0,OK,92,1425d0c70,.data
TablePair,14020a031,1,CODE,,141247cd0,.text
TablePair,14020a031,0,OK,93,1425d0fd0,.data
TablePair,14020a031,1,CODE,,141247d30,.text
TablePair,14020a031,0,OK,94,1425d0e10,.data
TablePair,14020a031,1,CODE,,141247da0,.text
TablePair,14020a031,0,OK,9c,1425caea0,.data
TablePair,14020a031,1,CODE,,141247e80,.text
TablePair,14020a031,0,OK,9f,1425ca870,.data
TablePair,14020a031,1,CODE,,1402401f0,.text
TablePair,14020a031,0,OK,9d,1425d1600,.data
TablePair,14020a031,1,CODE,,141247f10,.text
TablePair,14020a031,0,OK,a8,1425cb180,.data
TablePair,14020a031,1,CODE,,141247f80,.text
TablePair,14020a031,0,OK,a9,1425cb2c0,.data
TablePair,14020a031,1,CODE,,141247fe0,.text
TablePair,14020a031,0,OK,9e,1425cb400,.data
TablePair,14020a031,1,CODE,,1412485d0,.text
TablePair,14020a031,0,OK,a2,1425cb520,.data
TablePair,14020a031,1,CODE,,141248420,.text
TablePair,14020a031,0,OK,a1,1425cb690,.data
TablePair,14020a031,1,CODE,,1412481e0,.text
TablePair,14020a031,0,OK,a3,1425cb7d0,.data
TablePair,14020a031,1,CODE,,141248250,.text
TablePair,14020a031,0,OK,a5,1425cbab0,.data
TablePair,14020a031,1,CODE,,1412484d0,.text
TablePair,14020a031,0,OK,a4,1425cbbf0,.data
TablePair,14020a031,1,CODE,,141248110,.text
TablePair,14020a031,0,OK,a6,1425ce050,.data
TablePair,14020a031,1,CODE,,1412480b0,.text
TablePair,14020a031,0,OK,a7,1425ce140,.data
TablePair,14020a031,1,CODE,,141248040,.text
TablePair,14020a031,0,OK,e7,1425cbd60,.data
TablePair,14020a031,1,CODE,,141248e30,.text
TablePair,14020a031,0,OK,e8,1425cbe80,.data
TablePair,14020a031,1,CODE,,141248780,.text
TablePair,14020a031,0,OK,e9,1425cc140,.data
TablePair,14020a031,1,CODE,,1412487f0,.text
TablePair,14020a031,0,OK,ea,1425cc260,.data
TablePair,14020a031,1,CODE,,141248af0,.text
TablePair,14020a031,0,OK,eb,1425cc2e0,.data
TablePair,14020a031,1,CODE,,141248d70,.text
TablePair,14020a031,0,OK,ec,1425cc3d0,.data
TablePair,14020a031,1,CODE,,141248c40,.text
TablePair,14020a031,0,OK,ed,1425cc540,.data
TablePair,14020a031,1,CODE,,141248cf0,.text
TablePair,14020a031,0,OK,ee,1425cc660,.data
TablePair,14020a031,1,CODE,,141248640,.text
TablePair,14020a031,0,OK,ef,1425cc780,.data
TablePair,14020a031,1,CODE,,1412486b0,.text
TablePair,14020a031,0,OK,f0,1425cc8f0,.data
TablePair,14020a031,1,CODE,,141248bd0,.text
TablePair,14020a031,0,OK,f1,1425cca10,.data
TablePair,14020a031,1,CODE,,141248720,.text
TablePair,14020a031,0,OK,f2,1425ccb10,.data
TablePair,14020a031,1,CODE,,141248b60,.text
TablePair,14020a031,0,OK,138,1425ccc60,.data
TablePair,14020a031,1,CODE,,141249950,.text
TablePair,14020a031,0,OK,139,1425ccd80,.data
TablePair,14020a031,1,CODE,,141248f00,.text
TablePair,14020a031,0,OK,13c,1425cd060,.data
TablePair,14020a031,1,CODE,,141248f70,.text
TablePair,14020a031,0,OK,13a,1425cd2a0,.data
TablePair,14020a031,1,CODE,,141249380,.text
TablePair,14020a031,0,OK,13b,1425cd410,.data
TablePair,14020a031,1,CODE,,1412493f0,.text
TablePair,14020a031,0,OK,141,1425cd560,.data
TablePair,14020a031,1,CODE,,141249460,.text
TablePair,14020a031,0,OK,142,1425cd680,.data
TablePair,14020a031,1,CODE,,1412495a0,.text
TablePair,14020a031,0,OK,143,1425cd7a0,.data
TablePair,14020a031,1,CODE,,141249500,.text
TablePair,14020a031,0,OK,144,1425cd910,.data
TablePair,14020a031,1,CODE,,141249640,.text
TablePair,14020a031,0,OK,13d,1425cdab0,.data
TablePair,14020a031,1,CODE,,1412496d0,.text
TablePair,14020a031,0,OK,13e,1425cdc00,.data
TablePair,14020a031,1,CODE,,141249750,.text
TablePair,14020a031,0,OK,13f,1425cdd50,.data
TablePair,14020a031,1,CODE,,1412498a0,.text
TablePair,14020a031,0,OK,140,1425cdf60,.data
TablePair,14020a031,1,CODE,,1412497f0,.text
TablePair,14020a031,0,OK,aa,1425ce260,.data
TablePair,14020a031,1,CODE,,141248ea0,.text
TablePair,14020a031,0,OK,ab,1425ce380,.data
TablePair,14020a031,1,CODE,,141249a40,.text
TablePair,14020a031,0,OK,ac,1425d17e0,.data
TablePair,14020a031,1,CODE,,141249aa0,.text
TablePair,14020a031,0,OK,ad,1425d1a10,.data
TablePair,14020a031,1,CODE,,141249b00,.text
TablePair,14020a031,0,OK,110,1425cea30,.data
TablePair,14020a031,1,CODE,,1412499c0,.text
TablePair,14020a031,0,OK,111,1425ce7a0,.data
TablePair,14020a031,1,CODE,,141249a00,.text
TablePair,14020a031,0,OK,ae,1425d1b80,.data
TablePair,14020a031,1,CODE,,141249b50,.text
TablePair,14020a031,0,OK,af,1425d1da0,.data
TablePair,14020a031,1,CODE,,141249b90,.text
TablePair,14020a031,0,OK,b3,1425d1ef0,.data
TablePair,14020a031,1,CODE,,141249be0,.text
TablePair,14020a031,0,OK,b4,1425d2030,.data
TablePair,14020a031,1,CODE,,141249c40,.text
TablePair,14020a031,0,OK,b0,1425d2150,.data
TablePair,14020a031,1,CODE,,141249cb0,.text
TablePair,14020a031,0,OK,b1,1425d2330,.data
TablePair,14020a031,1,CODE,,141249d80,.text
TablePair,14020a031,0,OK,b2,1425d2420,.data
TablePair,14020a031,1,CODE,,141249dd0,.text
TablePair,14020a031,0,OK,b6,1425d2960,.data
TablePair,14020a031,1,CODE,,141249f90,.text
TablePair,14020a031,0,OK,b7,1425d2560,.data
TablePair,14020a031,1,CODE,,141249ec0,.text
TablePair,14020a031,0,OK,b8,1425d2be0,.data
TablePair,14020a031,1,CODE,,141249e60,.text
TablePair,14020a031,0,OK,b9,1425d2cb0,.data
TablePair,14020a031,1,CODE,,14124a100,.text
TablePair,14020a031,0,OK,ba,1425d2dd0,.data
TablePair,14020a031,1,CODE,,14124a190,.text
TablePair,14020a031,0,OK,bb,1425d2ef0,.data
TablePair,14020a031,1,CODE,,14124a220,.text
TablePair,14020a031,0,OK,bc,1425d3060,.data
TablePair,14020a031,1,CODE,,14124a2c0,.text
TablePair,14020a031,0,OK,bd,1425d3220,.data
TablePair,14020a031,1,CODE,,14124a350,.text
TablePair,14020a031,0,OK,be,1425d33b0,.data
TablePair,14020a031,1,CODE,,14124a400,.text
TablePair,14020a031,0,OK,bf,1425d34d0,.data
TablePair,14020a031,1,CODE,,14124a490,.text
TablePair,14020a031,0,OK,c0,1425d3660,.data
TablePair,14020a031,1,CODE,,14124a530,.text
TablePair,14020a031,0,OK,c1,1425d37f0,.data
TablePair,14020a031,1,CODE,,14124a5d0,.text
TablePair,14020a031,0,OK,c2,1425d3930,.data
TablePair,14020a031,1,CODE,,14124a660,.text
TablePair,14020a031,0,OK,c3,1425d3a70,.data
TablePair,14020a031,1,CODE,,14124a6a0,.text
TablePair,14020a031,0,OK,c4,1425d3bc0,.data
TablePair,14020a031,1,CODE,,14124a6e0,.text
TablePair,14020a031,0,OK,c5,1425d3d00,.data
TablePair,14020a031,1,CODE,,14124a730,.text
TablePair,14020a031,0,OK,c6,1425d3e40,.data
TablePair,14020a031,1,CODE,,14124a770,.text
TablePair,14020a031,0,OK,c7,1425d3f90,.data
TablePair,14020a031,1,CODE,,14124a8a0,.text
TablePair,14020a031,0,OK,c8,1425d4100,.data
TablePair,14020a031,1,CODE,,14124a8e0,.text
TablePair,14020a031,0,OK,c9,1425d4290,.data
TablePair,14020a031,1,CODE,,14124a950,.text
TablePair,14020a031,0,OK,ca,1425d4450,.data
TablePair,14020a031,1,CODE,,14124a990,.text
TablePair,14020a031,0,OK,cb,1425d4570,.data
TablePair,14020a031,1,CODE,,14124a9d0,.text
TablePair,14020a031,0,OK,cc,1425d4610,.data
TablePair,14020a031,1,CODE,,14124aa50,.text
TablePair,14020a031,0,OK,cd,1425d47a0,.data
TablePair,14020a031,1,CODE,,14124ab00,.text
TablePair,14020a031,0,OK,ce,1425d48e0,.data
TablePair,14020a031,1,CODE,,14124aaa0,.text
TablePair,14020a031,0,OK,cf,1425d4a00,.data
TablePair,14020a031,1,CODE,,14124ab70,.text
TablePair,14020a031,0,OK,d0,1425d4b20,.data
TablePair,14020a031,1,CODE,,14124abb0,.text
TablePair,14020a031,0,OK,d1,1425d4c70,.data
TablePair,14020a031,1,CODE,,14124abf0,.text
TablePair,14020a031,0,OK,d2,1425d4d90,.data
TablePair,14020a031,1,CODE,,14124ac30,.text
TablePair,14020a031,0,OK,d3,1425d4ed0,.data
TablePair,14020a031,1,CODE,,14124ada0,.text
TablePair,14020a031,0,OK,d4,1425d4ff0,.data
TablePair,14020a031,1,CODE,,14124aca0,.text
TablePair,14020a031,0,OK,d5,1425d5160,.data
TablePair,14020a031,1,CODE,,14124ac60,.text
TablePair,14020a031,0,OK,d6,1425d52d0,.data
TablePair,14020a031,1,CODE,,14124ad40,.text
TablePair,14020a031,0,OK,d7,1425d5440,.data
TablePair,14020a031,1,CODE,,14124ace0,.text
TablePair,14020a031,0,OK,f4,1425d5680,.data
TablePair,14020a031,1,CODE,,14124b650,.text
TablePair,14020a031,0,OK,d8,1425d57d0,.data
TablePair,14020a031,1,CODE,,14124add0,.text
TablePair,14020a031,0,OK,d9,1425d5940,.data
TablePair,14020a031,1,CODE,,14124ae40,.text
TablePair,14020a031,0,OK,da,1425d5a10,.data
TablePair,14020a031,1,CODE,,14124afc0,.text
TablePair,14020a031,0,OK,db,1425d5b00,.data
TablePair,14020a031,1,CODE,,14124af30,.text
TablePair,14020a031,0,OK,dc,1425d5c70,.data
TablePair,14020a031,1,CODE,,14124aea0,.text
TablePair,14020a031,0,OK,dd,1425d5db0,.data
TablePair,14020a031,1,CODE,,14124b050,.text
TablePair,14020a031,0,OK,de,1425d5f80,.data
TablePair,14020a031,1,CODE,,14124b0f0,.text
TablePair,14020a031,0,OK,df,1425d60f0,.data
TablePair,14020a031,1,CODE,,14124b1b0,.text
TablePair,14020a031,0,OK,e0,1425d6300,.data
TablePair,14020a031,1,CODE,,14124b2f0,.text
TablePair,14020a031,0,OK,e1,1425d6590,.data
TablePair,14020a031,1,CODE,,14124b330,.text
TablePair,14020a031,0,OK,e2,1425d67d0,.data
TablePair,14020a031,1,CODE,,14124b370,.text
TablePair,14020a031,0,OK,e3,1425d69b0,.data
TablePair,14020a031,1,CODE,,14124b470,.text
TablePair,14020a031,0,OK,e4,1425d6ad0,.data
TablePair,14020a031,1,CODE,,14124b470,.text
TablePair,14020a031,0,OK,e5,1425d6c40,.data
TablePair,14020a031,1,CODE,,14124b4b0,.text
TablePair,14020a031,0,OK,e6,1425d6de0,.data
TablePair,14020a031,1,CODE,,14124b510,.text
TablePair,14020a031,0,OK,f3,1425d5560,.data
TablePair,14020a031,1,CODE,,14124b560,.text
TablePair,14020a031,0,OK,f5,1425d6f80,.data
TablePair,14020a031,1,CODE,,14124b700,.text
TablePair,14020a031,0,OK,f6,1425d70f0,.data
TablePair,14020a031,1,CODE,,14124b7e0,.text
TablePair,14020a031,0,OK,f7,1425d7190,.data
TablePair,14020a031,1,CODE,,14124b760,.text
TablePair,14020a031,0,OK,f8,1425d73f0,.data
TablePair,14020a031,1,CODE,,14124b8d0,.text
TablePair,14020a031,0,OK,f9,1425d7540,.data
TablePair,14020a031,1,CODE,,14124b850,.text
TablePair,14020a031,0,OK,fa,1425d7660,.data
TablePair,14020a031,1,CODE,,14124b970,.text
TablePair,14020a031,0,OK,fb,1425d7750,.data
TablePair,14020a031,1,CODE,,14124b9e0,.text
TablePair,14020a031,0,OK,fd,1425d77f0,.data
TablePair,14020a031,1,CODE,,14124ba40,.text
TablePair,14020a031,0,OK,fe,1425d7890,.data
TablePair,14020a031,1,CODE,,14124bad0,.text
TablePair,14020a031,0,OK,ff,1425d7a00,.data
TablePair,14020a031,1,CODE,,14124bbd0,.text
TablePair,14020a031,0,OK,100,1425d7b90,.data
TablePair,14020a031,1,CODE,,14124bc70,.text
TablePair,14020a031,0,OK,101,1425d7c60,.data
TablePair,14020a031,1,CODE,,14124bcf0,.text
TablePair,14020a031,0,OK,102,1425d7ce0,.data
TablePair,14020a031,1,CODE,,14124bd50,.text
TablePair,14020a031,0,OK,103,1425d7e20,.data
TablePair,14020a031,1,CODE,,14124be00,.text
TablePair,14020a031,0,OK,104,1425d7ec0,.data
TablePair,14020a031,1,CODE,,14124be70,.text
TablePair,14020a031,0,OK,105,1425d8030,.data
TablePair,14020a031,1,CODE,,14124bed0,.text
TablePair,14020a031,0,OK,106,1425d8080,.data
TablePair,14020a031,1,CODE,,14124bf00,.text
TablePair,14020a031,0,OK,107,1425d8120,.data
TablePair,14020a031,1,CODE,,14124bfa0,.text
TablePair,14020a031,0,OK,108,1425d81c0,.data
TablePair,14020a031,1,CODE,,14124c000,.text
TablePair,14020a031,0,OK,109,1425d8260,.data
TablePair,14020a031,1,CODE,,14124c080,.text
TablePair,14020a031,0,OK,10a,1425d82e0,.data
TablePair,14020a031,1,CODE,,14124c0d0,.text
TablePair,14020a031,0,OK,10d,1425d8330,.data
TablePair,14020a031,1,CODE,,14124c0f0,.text
TablePair,14020a031,0,OK,10b,1425d83b0,.data
TablePair,14020a031,1,CODE,,14124c120,.text
TablePair,14020a031,0,OK,10c,1425d8430,.data
TablePair,14020a031,1,CODE,,14124c170,.text
TablePair,14020a031,0,OK,10e,1425d8480,.data
TablePair,14020a031,1,CODE,,14124c1c0,.text
TablePair,14020a031,0,OK,113,1425d8580,.data
TablePair,14020a031,1,CODE,,14124c220,.text
TablePair,14020a031,0,OK,114,1425d8670,.data
TablePair,14020a031,1,CODE,,14124c350,.text
TablePair,14020a031,0,OK,115,1425d86f0,.data
TablePair,14020a031,1,CODE,,14124c410,.text
TablePair,14020a031,0,OK,116,1425d87e0,.data
TablePair,14020a031,1,CODE,,14124c530,.text
TablePair,14020a031,0,OK,112,1425d8500,.data
TablePair,14020a031,1,CODE,,14124c600,.text
TablePair,14020a031,0,OK,119,1425d88b0,.data
TablePair,14020a031,1,CODE,,14124c640,.text
TablePair,14020a031,0,OK,11a,1425d8930,.data
TablePair,14020a031,1,CODE,,14124c6a0,.text
TablePair,14020a031,0,OK,11b,1425d89b0,.data
TablePair,14020a031,1,CODE,,14124c720,.text
TablePair,14020a031,0,OK,11c,1425d8a30,.data
TablePair,14020a031,1,CODE,,14124c780,.text
TablePair,14020a031,0,OK,11d,1425d8ad0,.data
TablePair,14020a031,1,CODE,,14124c850,.text
TablePair,14020a031,0,OK,11e,1425d8ba0,.data
TablePair,14020a031,1,CODE,,14124cad0,.text
TablePair,14020a031,0,OK,11f,1425d8bf0,.data
TablePair,14020a031,1,CODE,,14124cb10,.text
TablePair,14020a031,0,OK,120,1425d8cc0,.data
TablePair,14020a031,1,CODE,,14124cbf0,.text
TablePair,14020a031,0,OK,124,1425d8db0,.data
TablePair,14020a031,1,CODE,,14124ce50,.text
TablePair,14020a031,0,OK,125,1425d8e50,.data
TablePair,14020a031,1,CODE,,14124ced0,.text
TablePair,14020a031,0,OK,121,1425d8ef0,.data
TablePair,14020a031,1,CODE,,14124ccd0,.text
TablePair,14020a031,0,OK,122,1425d8fc0,.data
TablePair,14020a031,1,CODE,,14124cd50,.text
TablePair,14020a031,0,OK,123,1425d9090,.data
TablePair,14020a031,1,CODE,,14124cdd0,.text
TablePair,14020a031,0,OK,126,1425d9160,.data
TablePair,14020a031,1,CODE,,14124cf50,.text
TablePair,14020a031,0,OK,127,1425d9200,.data
TablePair,14020a031,1,CODE,,14124d020,.text
TablePair,14020a031,0,OK,128,1425d92a0,.data
TablePair,14020a031,1,CODE,,14124d120,.text
TablePair,14020a031,0,OK,129,1425d9340,.data
TablePair,14020a031,1,CODE,,14124d090,.text
TablePair,14020a031,0,OK,12a,1425d93e0,.data
TablePair,14020a031,1,CODE,,14124d1b0,.text
TablePair,14020a031,0,OK,12b,1425d9480,.data
TablePair,14020a031,1,CODE,,14124d240,.text
TablePair,14020a031,0,OK,12c,1425d9550,.data
TablePair,14020a031,1,CODE,,14124d2f0,.text
TablePair,14020a031,0,OK,12d,1425d95f0,.data
TablePair,14020a031,1,CODE,,14124d380,.text
TablePair,14020a031,0,OK,12e,1425d9690,.data
TablePair,14020a031,1,CODE,,14124d420,.text
TablePair,14020a031,0,OK,12f,1425d9760,.data
TablePair,14020a031,1,CODE,,14124d4c0,.text
TablePair,14020a031,0,OK,130,1425d9800,.data
TablePair,14020a031,1,CODE,,14124d550,.text
TablePair,14020a031,0,OK,131,1425d98a0,.data
TablePair,14020a031,1,CODE,,14124d5e0,.text
TablePair,14020a031,0,OK,132,1425d9940,.data
TablePair,14020a031,1,CODE,,14124d670,.text
TablePair,14020a031,0,OK,133,1425d9a10,.data
TablePair,14020a031,1,CODE,,14124d810,.text
TablePair,14020a031,0,OK,134,1425d9ae0,.data
TablePair,14020a031,1,CODE,,14124d8e0,.text
TablePair,14020a031,0,OK,135,1425d9bb0,.data
TablePair,14020a031,1,CODE,,14124d9f0,.text
TablePair,14020a031,0,OK,136,1425d9c50,.data
TablePair,14020a031,1,CODE,,14124dac0,.text
TablePair,14020a031,0,OK,137,1425d9d40,.data
TablePair,14020a031,1,CODE,,14124db60,.text
TablePair,14020a031,0,OK,145,1425d9de0,.data
TablePair,14020a031,1,CODE,,14124dc50,.text
TablePair,14020a031,0,OK,146,1425d9e60,.data
TablePair,14020a031,1,CODE,,14124dcb0,.text
TablePair,14020a031,0,OK,147,1425d9f00,.data
TablePair,14020a031,1,CODE,,14124dd20,.text
TablePair,14020a031,0,OK,148,1425da040,.data
TablePair,14020a031,1,CODE,,14124de00,.text
TablePair,14020a031,0,OK,149,1425da0e0,.data
TablePair,14020a031,1,CODE,,14124df10,.text
TablePair,14020a031,0,OK,14a,1425da160,.data
TablePair,14020a031,1,CODE,,14124de90,.text
TablePair,14020a031,0,OK,14b,1425da200,.data
TablePair,14020a031,1,CODE,,14124dfb0,.text
TablePair,14020a031,0,OK,14c,1425da2f0,.data
TablePair,14020a031,1,CODE,,14124e090,.text
TablePair,14020a031,0,OK,14d,1425da370,.data
TablePair,14020a031,1,CODE,,14124e0f0,.text
TablePair,14020a031,0,OK,14f,1425da3f0,.data
TablePair,14020a031,1,CODE,,14124e150,.text
TablePair,14020a031,0,OK,14e,1425da440,.data
TablePair,14020a031,1,CODE,,14124e1d0,.text
TablePair,14020a031,0,OK,155,1425da510,.data
TablePair,14020a031,1,CODE,,14124e270,.text
TablePair,14020a031,0,OK,150,1425da5b0,.data
TablePair,14020a031,1,CODE,,14124e2e0,.text
TablePair,14020a031,0,OK,151,1425da680,.data
TablePair,14020a031,1,CODE,,14124e3c0,.text
TablePair,14020a031,0,OK,152,1425b59e0,.data
TablePair,14020a031,1,CODE,,14124e4b0,.text
TablePair,14020a031,0,OK,153,1425b5b00,.data
TablePair,14020a031,1,CODE,,14124e640,.text
TablePair,14020a031,0,OK,154,1425b5bd0,.data
TablePair,14020a031,1,CODE,,14124e6d0,.text
TablePair,14020a031,0,OK,156,1425b5c70,.data
TablePair,14020a031,1,CODE,,14124e760,.text
TablePair,14020a031,0,OK,157,1425b5d10,.data
TablePair,14020a031,1,CODE,,14124e830,.text
TablePair,14020a031,0,OK,158,1425b5e00,.data
TablePair,14020a031,1,CODE,,14124e8d0,.text
TablePair,14020a031,0,OK,159,1425b5e50,.data
TablePair,14020a031,1,CODE,,14124e920,.text
TablePair,14020a031,0,OK,15a,1425b5ef0,.data
TablePair,14020a031,1,CODE,,14124e9b0,.text
TablePair,14020a031,0,OK,15b,1425b5f40,.data
TablePair,14020a031,1,CODE,,14124e9e0,.text
TablePair,14020a031,0,OK,15c,1425b5fc0,.data
TablePair,14020a031,1,CODE,,14124ea60,.text
TablePair,14020a031,0,OK,15d,1425cb060,.data
TablePair,14020a031,1,CODE,,14124eaa0,.text
TablePair,14020a031,0,OK,15e,1425b6040,.data
TablePair,14020a031,1,CODE,,14124eb50,.text
TablePair,14020a031,0,OK,15f,1425b60c0,.data
TablePair,14020a031,1,CODE,,14124ebf0,.text
TablePair,14020a031,0,OK,160,1425b61e0,.data
TablePair,14020a031,1,CODE,,14124ec70,.text
TablePair,14020a031,0,OK,161,1425b6280,.data
TablePair,14020a031,1,CODE,,14124ed70,.text
TablePair,14020a031,0,OK,162,1425b6380,.data
TablePair,14020a031,1,CODE,,14124ed00,.text
TablePair,14020a031,0,OK,163,1425b6f40,.data
TablePair,14020a031,1,CODE,,14124ee10,.text
TablePair,14020a031,0,OK,164,1425b64a0,.data
TablePair,14020a031,1,CODE,,14124ee80,.text
TablePair,14020a031,0,OK,165,1425b65c0,.data
TablePair,14020a031,1,CODE,,14124eeb0,.text
TablePair,14020a031,0,OK,166,1425b6750,.data
TablePair,14020a031,1,CODE,,14124ef40,.text
TablePair,14020a031,0,OK,167,1425b68e0,.data
TablePair,14020a031,1,CODE,,14124ef90,.text
TablePair,14020a031,0,OK,168,1425b6a00,.data
TablePair,14020a031,1,CODE,,14124efd0,.text
TablePair,14020a031,0,OK,169,1425b6ad0,.data
TablePair,14020a031,1,CODE,,14124f000,.text
TablePair,14020a031,0,OK,16a,1425b6bc0,.data
TablePair,14020a031,1,CODE,,14124f030,.text
TablePair,14020a031,0,OK,16b,1425b6d00,.data
TablePair,14020a031,1,CODE,,14124f060,.text
TablePair,14020a031,0,OK,16c,1425b6dd0,.data
TablePair,14020a031,1,CODE,,14124f0a0,.text
TablePair,14020a031,0,OK,16e,1425b70b0,.data
TablePair,14020a031,1,CODE,,14124f100,.text
TablePair,14020a031,0,OK,16f,1425b76a0,.data
TablePair,14020a031,1,CODE,,14124f160,.text
TablePair,14020a031,0,OK,170,1425b71d0,.data
TablePair,14020a031,1,CODE,,14124f1c0,.text
TablePair,14020a031,0,OK,171,1425b72d0,.data
TablePair,14020a031,1,CODE,,14124f220,.text
TablePair,14020a031,0,OK,172,1425b73a0,.data
TablePair,14020a031,1,CODE,,14124f280,.text
TablePair,14020a031,0,OK,173,1425b7560,.data
TablePair,14020a031,1,CODE,,14124f2e0,.text
TablePair,14020a031,0,OK,174,1425b78f0,.data
TablePair,14020a031,1,CODE,,14124f3f0,.text
TablePair,14020a031,0,OK,175,1425b79c0,.data
TablePair,14020a031,1,CODE,,14124f3b0,.text
TablePair,14020a031,0,OK,176,1425b77a0,.data
TablePair,14020a031,1,CODE,,14124f340,.text
TablePair,14020a031,0,OK,177,1425b7a40,.data
TablePair,14020a031,1,CODE,,14124f430,.text
TablePair,14020a031,0,OK,178,1425b8ba0,.data
TablePair,14020a031,1,CODE,,14124f490,.text
TablePair,14020a031,0,OK,179,1425b7c50,.data
TablePair,14020a031,1,CODE,,14124f680,.text
TablePair,14020a031,0,OK,17a,1425b7df0,.data
TablePair,14020a031,1,CODE,,14124f6f0,.text
TablePair,14020a031,0,OK,17b,1425b8060,.data
TablePair,14020a031,1,CODE,,14124f750,.text
TablePair,14020a031,0,OK,181,1425b7f60,.data
TablePair,14020a031,1,CODE,,14124f7c0,.text
TablePair,14020a031,0,OK,17c,1425b81a0,.data
TablePair,14020a031,1,CODE,,14124f820,.text
TablePair,14020a031,0,OK,17d,1425b82c0,.data
TablePair,14020a031,1,CODE,,14124f880,.text
TablePair,14020a031,0,OK,17e,1425b83e0,.data
TablePair,14020a031,1,CODE,,14124f8e0,.text
TablePair,14020a031,0,OK,17f,1425b84e0,.data
TablePair,14020a031,1,CODE,,14124f940,.text
TablePair,14020a031,0,OK,180,1425b8650,.data
TablePair,14020a031,1,CODE,,14124f9a0,.text
TablePair,14020a031,0,OK,182,1425b8d60,.data
TablePair,14020a031,1,CODE,,14124fa30,.text
TablePair,14020a031,0,OK,183,1425b8e50,.data
TablePair,14020a031,1,CODE,,14124fa90,.text
TablePair,14020a031,0,OK,184,1425b9010,.data
TablePair,14020a031,1,CODE,,14124faf0,.text
TablePair,14020a031,0,OK,185,1425b9360,.data
TablePair,14020a031,1,CODE,,14124fbd0,.text
TablePair,14020a031,0,OK,186,1425b96c0,.data
TablePair,14020a031,1,CODE,,14124fc60,.text
TablePair,14020a031,0,OK,187,1425b9400,.data
TablePair,14020a031,1,CODE,,14124fda0,.text
TablePair,14020a031,0,OK,188,1425b9550,.data
TablePair,14020a031,1,CODE,,14124fd20,.text
TablePair,14020a031,0,OK,189,1425b9900,.data
TablePair,14020a031,1,CODE,,14124feb0,.text
TablePair,14020a031,0,OK,18a,1425b9ac0,.data
TablePair,14020a031,1,CODE,,14124fe40,.text
TablePair,14020a031,0,OK,18b,1425b9be0,.data
TablePair,14020a031,1,CODE,,14124ff30,.text
TablePair,14020a031,0,OK,18c,1425b9d80,.data
TablePair,14020a031,1,CODE,,14124ffb0,.text
TablePair,14020a031,0,OK,18d,1425b9e50,.data
TablePair,14020a031,1,CODE,,141250070,.text
TablePair,14020a031,0,OK,18e,1425b9fc0,.data
TablePair,14020a031,1,CODE,,141250120,.text
TablePair,14020a031,0,OK,18f,1425ba140,.data
TablePair,14020a031,1,CODE,,141250190,.text
TablePair,14020a031,0,OK,190,1425ba230,.data
TablePair,14020a031,1,CODE,,141250240,.text
TablePair,14020a031,0,OK,191,1425ba330,.data
TablePair,14020a031,1,CODE,,1412502b0,.text
TablePair,14020a031,0,OK,192,1425ba6b0,.data
TablePair,14020a031,1,CODE,,1412503f0,.text
TablePair,14020a031,0,OK,193,1425ba750,.data
TablePair,14020a031,1,CODE,,1412504a0,.text
TablePair,14020a031,0,OK,194,1425ba8f0,.data
TablePair,14020a031,1,CODE,,141250570,.text
TablePair,14020a031,0,OK,195,1425baa10,.data
TablePair,14020a031,1,CODE,,141250510,.text
TablePair,14020a031,0,OK,196,1425bb490,.data
TablePair,14020a031,1,CODE,,1412505e0,.text
TablePair,14020a031,0,OK,197,1425bb670,.data
TablePair,14020a031,1,CODE,,141250680,.text
TablePair,14020a031,0,OK,198,1425bb770,.data
TablePair,14020a031,1,CODE,,1412506f0,.text
TablePair,14020a031,0,OK,199,1425bb930,.data
TablePair,14020a031,1,CODE,,1412507c0,.text
TablePair,14020a031,0,OK,19a,1425bba50,.data
TablePair,14020a031,1,CODE,,141250820,.text
TablePair,14020a031,0,OK,19c,1425bbcb0,.data
TablePair,14020a031,1,CODE,,141250940,.text
TablePair,14020a031,0,OK,19b,1425bbb90,.data
TablePair,14020a031,1,CODE,,1412508a0,.text
TablePair,14020a031,0,OK,19d,1425bc490,.data
TablePair,14020a031,1,CODE,,1412509b0,.text
TablePair,14020a031,0,OK,19f,1425bc600,.data
TablePair,14020a031,1,CODE,,141250a20,.text
TablePair,14020a031,0,OK,1a0,1425bc720,.data
TablePair,14020a031,1,CODE,,141250a50,.text
TablePair,14020a031,0,OK,1a1,1425bca50,.data
TablePair,14020a031,1,CODE,,141250ad0,.text
TablePair,14020a031,0,OK,1a3,1425bcba0,.data
TablePair,14020a031,1,CODE,,141250d70,.text
TablePair,14020a031,0,OK,1a4,1425bccc0,.data
TablePair,14020a031,1,CODE,,141250da0,.text
TablePair,14020a031,0,OK,1a7,1425bcd90,.data
TablePair,14020a031,1,CODE,,141250dc0,.text
TablePair,14020a031,0,OK,1a8,1425bceb0,.data
TablePair,14020a031,1,CODE,,141250e00,.text
TablePair,14020a031,0,OK,1a5,1425bcfd0,.data
TablePair,14020a031,1,CODE,,141250e70,.text
TablePair,14020a031,0,OK,1a6,1425bd1e0,.data
TablePair,14020a031,1,CODE,,141250f10,.text
TablePair,14020a031,0,OK,1a9,1425bd280,.data
TablePair,14020a031,1,CODE,,141250fa0,.text
TablePair,14020a031,0,OK,1aa,1425bd420,.data
TablePair,14020a031,1,CODE,,141251000,.text
TablePair,14020a031,0,OK,1ab,1425bd4c0,.data
TablePair,14020a031,1,CODE,,141251040,.text
TablePair,14020a031,0,OK,1ac,1425bd680,.data
TablePair,14020a031,1,CODE,,1412510b0,.text
TablePair,14020a031,0,OK,1ad,1425bd7f0,.data
TablePair,14020a031,1,CODE,,141251120,.text
TablePair,14020a031,0,OK,1ae,1425bd8f0,.data
TablePair,14020a031,1,CODE,,141251190,.text
TablePair,14020a031,0,OK,1af,1425bd9c0,.data
TablePair,14020a031,1,CODE,,141251210,.text
TablePair,14020a031,0,OK,1b0,1425bdae0,.data
TablePair,14020a031,1,CODE,,1412511b0,.text
TablePair,14020a031,0,OK,1b1,1425bdc30,.data
TablePair,14020a031,1,CODE,,1412512f0,.text
TablePair,14020a031,0,OK,1b2,1425bdd50,.data
TablePair,14020a031,1,CODE,,141251290,.text
TablePair,14020a031,0,OK,1b3,1425bddd0,.data
TablePair,14020a031,1,CODE,,141251350,.text
TablePair,14020a031,0,OK,1b4,1425bdf40,.data
TablePair,14020a031,1,CODE,,141251390,.text
TablePair,14020a031,0,OK,1b5,1425be0b0,.data
TablePair,14020a031,1,CODE,,1412513d0,.text
TablePair,14020a031,0,OK,1b7,1425be220,.data
TablePair,14020a031,1,CODE,,141251680,.text
TablePair,14020a031,0,OK,1b8,1425be340,.data
TablePair,14020a031,1,CODE,,141251740,.text
TablePair,14020a031,0,OK,1b9,1425be480,.data
TablePair,14020a031,1,CODE,,1412517b0,.text
TablePair,14020a031,0,OK,1ba,1425be520,.data
TablePair,14020a031,1,CODE,,141251820,.text
TablePair,14020a031,0,OK,1bb,1425be640,.data
TablePair,14020a031,1,CODE,,141251890,.text
TablePair,14020a031,0,OK,1bc,1425be710,.data
TablePair,14020a031,1,CODE,,141251940,.text
TablePair,14020a031,0,OK,1bd,1425be950,.data
TablePair,14020a031,1,CODE,,1412519b0,.text
TablePair,14020a031,0,OK,1be,1425beaf0,.data
TablePair,14020a031,1,CODE,,141251a80,.text
TablePair,14020a031,0,OK,1bf,1425bebe0,.data
TablePair,14020a031,1,CODE,,141251af0,.text
TablePair,14020a031,0,OK,1c0,1425bece0,.data
TablePair,14020a031,1,CODE,,141251b20,.text
TablePair,14020a031,0,OK,1c1,1425bede0,.data
TablePair,14020a031,1,CODE,,141251b50,.text
TablePair,14020a031,0,OK,1c2,1425bef00,.data
TablePair,14020a031,1,CODE,,141251b80,.text
TablePair,14020a031,0,OK,1c3,1425bf040,.data
TablePair,14020a031,1,CODE,,141251bf0,.text
TablePair,14020a031,0,OK,1c4,1425bf140,.data
TablePair,14020a031,1,CODE,,141251c30,.text
TablePair,14020a031,0,OK,1c5,1425bf210,.data
TablePair,14020a031,1,CODE,,141251c60,.text
TablePair,14020a031,0,OK,1c6,1425bf330,.data
TablePair,14020a031,1,CODE,,141251cb0,.text
TablePair,14020a031,0,OK,1c7,1425bf400,.data
TablePair,14020a031,1,CODE,,141251d40,.text
TablePair,14020a031,0,OK,1c8,1425bf880,.data
TablePair,14020a031,1,CODE,,141251f00,.text
TablePair,14020a031,0,OK,1c9,1425bf5f0,.data
TablePair,14020a031,1,CODE,,141251f70,.text
TablePair,14020a031,0,OK,1ca,1425bf920,.data
TablePair,14020a031,1,CODE,,141251fe0,.text
TablePair,14020a031,0,OK,1cc,1425bf6e0,.data
TablePair,14020a031,1,CODE,,141252070,.text
TablePair,14020a031,0,OK,1cb,1425bf730,.data
TablePair,14020a031,1,CODE,,141252030,.text
TablePair,14020a031,0,OK,1ce,1425bfae0,.data
TablePair,14020a031,1,CODE,,1412520a0,.text
TablePair,14020a031,0,OK,1cf,1425bfc00,.data
TablePair,14020a031,1,CODE,,1412520e0,.text
TablePair,14020a031,0,OK,1d0,1425bfca0,.data
TablePair,14020a031,1,CODE,,141252120,.text
TablePair,14020a031,0,OK,1d1,1425bfd40,.data
TablePair,14020a031,1,CODE,,141252190,.text
TablePair,14020a031,0,OK,1d2,1425bfe60,.data
TablePair,14020a031,1,CODE,,1412521c0,.text
TablePair,14020a031,0,OK,1d3,1425bffd0,.data
TablePair,14020a031,1,CODE,,141252230,.text
TablePair,14020a031,0,OK,1d4,1425c00a0,.data
TablePair,14020a031,1,CODE,,141252260,.text
TablePair,14020a031,0,OK,1d9,1425c0240,.data
TablePair,14020a031,1,CODE,,1412522a0,.text
TablePair,14020a031,0,OK,1da,1425c03b0,.data
TablePair,14020a031,1,CODE,,141252380,.text
TablePair,14020a031,0,OK,1db,1425c04b0,.data
TablePair,14020a031,1,CODE,,1412523e0,.text
TablePair,14020a031,0,OK,1dc,1425c0600,.data
TablePair,14020a031,1,CODE,,141252450,.text
TablePair,14020a031,0,OK,1d5,1425c06a0,.data
TablePair,14020a031,1,CODE,,1412524c0,.text
TablePair,14020a031,0,OK,1d6,1425c0790,.data
TablePair,14020a031,1,CODE,,1412525a0,.text
TablePair,14020a031,0,OK,1d7,1425c0930,.data
TablePair,14020a031,1,CODE,,141252600,.text
TablePair,14020a031,0,OK,1d8,1425c0aa0,.data
TablePair,14020a031,1,CODE,,141252680,.text
TablePair,14020a031,0,OK,1dd,1425c0c10,.data
TablePair,14020a031,1,CODE,,1412526f0,.text
TablePair,14020a031,0,OK,1de,1425c0df0,.data
TablePair,14020a031,1,CODE,,1412527e0,.text
TablePair,14020a031,0,OK,1df,1425c0ec0,.data
TablePair,14020a031,1,CODE,,141252840,.text
TablePair,14020a031,0,OK,1e0,1425c10a0,.data
TablePair,14020a031,1,CODE,,1412528c0,.text
TablePair,14020a031,0,OK,1e1,1425c1210,.data
TablePair,14020a031,1,CODE,,141252940,.text
TablePair,14020a031,0,OK,1e2,1425c1360,.data
TablePair,14020a031,1,CODE,,141252a10,.text
TablePair,14020a031,0,OK,1e3,1425c14d0,.data
TablePair,14020a031,1,CODE,,141252a70,.text
TablePair,14020a031,0,OK,1e4,1425c1620,.data
TablePair,14020a031,1,CODE,,141252af0,.text
TablePair,14020a031,0,OK,1e5,1425c1810,.data
TablePair,14020a031,1,CODE,,141252bd0,.text
TablePair,14020a031,0,OK,1e6,1425c18e0,.data
TablePair,14020a031,1,CODE,,141252c30,.text
TablePair,14020a031,0,OK,1e7,1425c1a80,.data
TablePair,14020a031,1,CODE,,141252cb0,.text
TablePair,14020a031,0,OK,1e8,1425c1d70,.data
TablePair,14020a031,1,CODE,,141252dd0,.text
TablePair,14020a031,0,OK,1e9,1425c1ee0,.data
TablePair,14020a031,1,CODE,,141252ed0,.text
TablePair,14020a031,0,OK,1ea,1425c1fe0,.data
TablePair,14020a031,1,CODE,,141252d30,.text
TablePair,14020a031,0,OK,1eb,1425c2150,.data
TablePair,14020a031,1,CODE,,141252f30,.text
TablePair,14020a031,0,OK,1ec,1425c22c0,.data
TablePair,14020a031,1,CODE,,141252fc0,.text
TablePair,14020a031,0,OK,1ed,1425c2450,.data
TablePair,14020a031,1,CODE,,1412530e0,.text
TablePair,14020a031,0,OK,1ee,1425c25a0,.data
TablePair,14020a031,1,CODE,,1412531c0,.text
TablePair,14020a031,0,OK,1ef,1425c26c0,.data
TablePair,14020a031,1,CODE,,141253040,.text
TablePair,14020a031,0,OK,1f0,1425c2830,.data
TablePair,14020a031,1,CODE,,141253220,.text
TablePair,14020a031,0,OK,1f1,1425c29f0,.data
TablePair,14020a031,1,CODE,,1412532b0,.text
TablePair,14020a031,0,OK,1f2,1425c2a90,.data
TablePair,14020a031,1,CODE,,141253360,.text
TablePair,14020a031,0,OK,1f3,1425c2c50,.data
TablePair,14020a031,1,CODE,,141253450,.text
TablePair,14020a031,0,OK,1f4,1425c2d50,.data
TablePair,14020a031,1,CODE,,1412534b0,.text
TablePair,14020a031,0,OK,1f5,1425c3010,.data
TablePair,14020a031,1,CODE,,1412535b0,.text
TablePair,14020a031,0,OK,1f6,1425c2ec0,.data
TablePair,14020a031,1,CODE,,141253530,.text
TablePair,14020a031,0,OK,1f7,1425c30e0,.data
TablePair,14020a031,1,CODE,,141253630,.text
TablePair,14020a031,0,OK,1f8,1425c3180,.data
TablePair,14020a031,1,CODE,,1412536e0,.text
TablePair,14020a031,0,OK,1f9,1425c32d0,.data
TablePair,14020a031,1,CODE,,141253820,.text
TablePair,14020a031,0,OK,1fa,1425c3350,.data
TablePair,14020a031,1,CODE,,1412537b0,.text
TablePair,14020a031,0,OK,1fb,1425c34a0,.data
TablePair,14020a031,1,CODE,,141253880,.text
TablePair,14020a031,0,OK,1fd,1425c3610,.data
TablePair,14020a031,1,CODE,,1412538f0,.text
TablePair,14020a031,0,OK,1fe,1425c3730,.data
TablePair,14020a031,1,CODE,,141253990,.text
TablePair,14020a031,0,OK,1ff,1425c3850,.data
TablePair,14020a031,1,CODE,,141253a30,.text
TablePair,14020a031,0,OK,200,1425c3990,.data
TablePair,14020a031,1,CODE,,141253c10,.text
TablePair,14020a031,0,OK,201,1425c3ab0,.data
TablePair,14020a031,1,CODE,,141254500,.text
TablePair,14020a031,0,OK,202,1425c3ba0,.data
TablePair,14020a031,1,CODE,,141253cc0,.text
TablePair,14020a031,0,OK,203,1425c3de0,.data
TablePair,14020a031,1,CODE,,141253d70,.text
TablePair,14020a031,0,OK,204,1425c3fa0,.data
TablePair,14020a031,1,CODE,,141253e30,.text
TablePair,14020a031,0,OK,205,1425c41e0,.data
TablePair,14020a031,1,CODE,,141254130,.text
TablePair,14020a031,0,OK,207,1425c42e0,.data
TablePair,14020a031,1,CODE,,141254220,.text
TablePair,14020a031,0,OK,20b,1425c4940,.data
TablePair,14020a031,1,CODE,,1412542c0,.text
TablePair,14020a031,0,OK,20c,1425c4a60,.data
TablePair,14020a031,1,CODE,,141254360,.text
TablePair,14020a031,0,OK,20d,1425c4b60,.data
TablePair,14020a031,1,CODE,,1412543d0,.text
TablePair,14020a031,0,OK,208,1425c4590,.data
TablePair,14020a031,1,CODE,,141254470,.text
TablePair,14020a031,0,OK,206,1425c4450,.data
TablePair,14020a031,1,CODE,,141254190,.text
TablePair,14020a031,0,OK,209,1425c46b0,.data
TablePair,14020a031,1,CODE,,1412545b0,.text
TablePair,14020a031,0,OK,20a,1425c47a0,.data
TablePair,14020a031,1,CODE,,141254610,.text
TablePair,14020a031,0,OK,224,1425c4c80,.data
TablePair,14020a031,1,CODE,,1412546d0,.text
TablePair,14020a031,0,OK,20e,1425c4df0,.data
TablePair,14020a031,1,CODE,,141254770,.text
TablePair,14020a031,0,OK,20f,1425c4f10,.data
TablePair,14020a031,1,CODE,,1412547e0,.text
TablePair,14020a031,0,OK,210,1425c5060,.data
TablePair,14020a031,1,CODE,,141254850,.text
TablePair,14020a031,0,OK,211,1425c5160,.data
TablePair,14020a031,1,CODE,,1412548b0,.text
TablePair,14020a031,0,OK,212,1425c5280,.data
TablePair,14020a031,1,CODE,,141254950,.text
TablePair,14020a031,0,OK,213,1425c53c0,.data
TablePair,14020a031,1,CODE,,141254a90,.text
TablePair,14020a031,0,OK,214,1425c55b0,.data
TablePair,14020a031,1,CODE,,1412549c0,.text
TablePair,14020a031,0,OK,215,1425c56d0,.data
TablePair,14020a031,1,CODE,,141254a30,.text
TablePair,14020a031,0,OK,216,1425c57f0,.data
TablePair,14020a031,1,CODE,,141254b50,.text
TablePair,14020a031,0,OK,217,1425c59d0,.data
TablePair,14020a031,1,CODE,,141254be0,.text
TablePair,14020a031,0,OK,218,1425c5ac0,.data
TablePair,14020a031,1,CODE,,141254cf0,.text
TablePair,14020a031,0,OK,219,1425c5be0,.data
TablePair,14020a031,1,CODE,,141254e60,.text
TablePair,14020a031,0,OK,21a,1425c5d00,.data
TablePair,14020a031,1,CODE,,141254e00,.text
TablePair,14020a031,0,OK,21b,1425c5e20,.data
TablePair,14020a031,1,CODE,,141254e90,.text
TablePair,14020a031,0,OK,21c,1425c5f40,.data
TablePair,14020a031,1,CODE,,141254ee0,.text
TablePair,14020a031,0,OK,21d,1425c6040,.data
TablePair,14020a031,1,CODE,,141254f70,.text
TablePair,14020a031,0,OK,21e,1425c61b0,.data
TablePair,14020a031,1,CODE,,141254fd0,.text
TablePair,14020a031,0,OK,21f,1425c6340,.data
TablePair,14020a031,1,CODE,,141255040,.text
TablePair,14020a031,0,OK,220,1425c6490,.data
TablePair,14020a031,1,CODE,,1412550b0,.text
TablePair,14020a031,0,OK,221,1425c6580,.data
TablePair,14020a031,1,CODE,,141255120,.text
TablePair,14020a031,0,OK,222,1425c66a0,.data
TablePair,14020a031,1,CODE,,141255190,.text
TablePair,14020a031,0,OK,223,1425c6840,.data
TablePair,14020a031,1,CODE,,141255200,.text
TablePair,14020a031,0,OK,225,1425c6960,.data
TablePair,14020a031,1,CODE,,141255270,.text
TablePair,14020a031,0,OK,226,1425c6a60,.data
TablePair,14020a031,1,CODE,,141255300,.text
TablePair,14020a031,0,OK,227,1425c6b80,.data
TablePair,14020a031,1,CODE,,141255390,.text
TablePair,14020a031,0,OK,228,1425c6d10,.data
TablePair,14020a031,1,CODE,,141255450,.text
TablePair,14020a031,0,OK,229,1425c6e10,.data
TablePair,14020a031,1,CODE,,141255480,.text
TablePair,14020a031,0,OK,22a,1425c6f30,.data
TablePair,14020a031,1,CODE,,1412554f0,.text
TablePair,14020a031,0,OK,22b,1425c7000,.data
TablePair,14020a031,1,CODE,,141255560,.text
TablePair,14020a031,0,OK,22c,1425c8bd0,.data
TablePair,14020a031,1,CODE,,1412555d0,.text
TablePair,14020a031,0,OK,22d,1425c90b0,.data
TablePair,14020a031,1,CODE,,141255630,.text
TablePair,14020a031,0,OK,117,1425c78b0,.data
TablePair,14020a031,1,CODE,,1412556e0,.text
TablePair,14020a031,0,OK,118,1425c7a00,.data
TablePair,14020a031,1,CODE,,1412558d0,.text
TablePair,14020a031,0,OK,22e,1425c91d0,.data
TablePair,14020a031,1,CODE,,141255c80,.text
TablePair,14020a031,0,OK,22f,1425c9470,.data
TablePair,14020a031,1,CODE,,141255ce0,.text
TablePair,14020a031,0,OK,230,1425c95c0,.data
TablePair,14020a031,1,CODE,,141255d40,.text
TablePair,14020a031,0,OK,232,1425c9730,.data
TablePair,14020a031,1,CODE,,141255da0,.text
TablePair,14020a031,0,OK,233,1425c97b0,.data
TablePair,14020a031,1,CODE,,1412561e0,.text
TablePair,14020a031,0,OK,234,1425c9970,.data
TablePair,14020a031,1,CODE,,141255de0,.text
TablePair,14020a031,0,OK,235,1425c9b60,.data
TablePair,14020a031,1,CODE,,141255ed0,.text
TablePair,14020a031,0,OK,236,1425ca0b0,.data
TablePair,14020a031,1,CODE,,141256010,.text
TablePair,14020a031,0,OK,237,1425ca250,.data
TablePair,14020a031,1,CODE,,141256140,.text
TablePair,14020a031,0,OK,238,1425c9d30,.data
TablePair,14020a031,1,CODE,,141255f70,.text
TablePair,14020a031,0,OK,239,1425c9e00,.data
TablePair,14020a031,1,CODE,,1412560a0,.text
TablePair,14020a031,0,OK,23a,1425ca390,.data
TablePair,14020a031,1,CODE,,141256270,.text
TablePair,14020a031,0,OK,23b,1425ca490,.data
TablePair,14020a031,1,CODE,,141256700,.text
TablePair,14020a031,0,OK,23c,1425ca600,.data
TablePair,14020a031,1,CODE,,141256770,.text
TablePair,14020a031,0,OK,23d,1425ca750,.data
TablePair,14020a031,1,CODE,,1412567f0,.text
TablePair,14020a031,0,OK,78,1425cab20,.data
TablePair,14020a031,1,CODE,,141246bf0,.text
TablePair,14020a031,0,OK,248,1425cb730,.data
TablePair,14020a031,1,CODE,,141256c20,.text
TablePair,14020a031,0,OK,23f,1425cac40,.data
TablePair,14020a031,1,CODE,,141256850,.text
TablePair,14020a031,0,OK,240,1425cae00,.data
TablePair,14020a031,1,CODE,,1412568e0,.text
TablePair,14020a031,0,OK,241,1425caf40,.data
TablePair,14020a031,1,CODE,,141256940,.text
TablePair,14020a031,0,OK,243,1425cb220,.data
TablePair,14020a031,1,CODE,,141256a20,.text
TablePair,14020a031,0,OK,244,1425cb360,.data
TablePair,14020a031,1,CODE,,141256a90,.text
TablePair,14020a031,0,OK,245,1425cb480,.data
TablePair,14020a031,1,CODE,,141256b00,.text
TablePair,14020a031,0,OK,246,1425cb5f0,.data
TablePair,14020a031,1,CODE,,141256b60,.text
TablePair,14020a031,0,OK,247,1425bab80,.data
TablePair,14020a031,1,CODE,,141256bc0,.text
TablePair,14020a031,0,OK,249,1425baca0,.data
TablePair,14020a031,1,CODE,,141256ca0,.text
TablePair,14020a031,0,OK,24b,1425bae40,.data
TablePair,14020a031,1,CODE,,141256d10,.text
TablePair,14020a031,0,OK,24c,1425baf90,.data
TablePair,14020a031,1,CODE,,141256d80,.text
TablePair,14020a031,0,OK,24d,1425ca9b0,.data
TablePair,14020a031,1,CODE,,141256e00,.text
TablePair,14020a031,0,OK,24e,1425cb990,.data
TablePair,14020a031,1,CODE,,141256e80,.text
TablePair,14020a031,0,OK,24f,1425bb0d0,.data
TablePair,14020a031,1,CODE,,141256ef0,.text
TablePair,14020a031,0,OK,250,1425cbb50,.data
TablePair,14020a031,1,CODE,,141256f50,.text
TablePair,14020a031,0,OK,251,1425cbcc0,.data
TablePair,14020a031,1,CODE,,141256fb0,.text
TablePair,14020a031,0,OK,242,1425cb100,.data
TablePair,14020a031,1,CODE,,1412569b0,.text
TablePair,14020a031,0,OK,252,1425cbde0,.data
TablePair,14020a031,1,CODE,,141257040,.text
TablePair,14020a031,0,OK,253,1425bb1c0,.data
TablePair,14020a031,1,CODE,,1412570a0,.text
TablePair,14020a031,0,OK,254,1425bb350,.data
TablePair,14020a031,1,CODE,,1402401f0,.text
TablePair,14020a031,0,OK,255,1425cbf20,.data
TablePair,14020a031,1,CODE,,141257130,.text
TablePair,14020a031,0,OK,256,1425cbfa0,.data
TablePair,14020a031,1,CODE,,141257160,.text
TablePair,14020a031,0,OK,257,1425cc0c0,.data
TablePair,14020a031,1,CODE,,141257230,.text
TablePair,14020a031,0,OK,258,1425cc210,.data
TablePair,14020a031,1,CODE,,141257330,.text
TablePair,14020a031,0,OK,259,1425cc4c0,.data
TablePair,14020a031,1,CODE,,141257390,.text
TablePair,14020a031,0,OK,25a,1425cc610,.data
TablePair,14020a031,1,CODE,,141257360,.text
TablePair,14020a031,0,OK,25b,1425cc820,.data
TablePair,14020a031,1,CODE,,1412573f0,.text
TablePair,14020a031,0,OK,25c,1425cc6e0,.data
TablePair,14020a031,1,CODE,,141257460,.text
TablePair,14020a031,0,OK,25d,1425cc970,.data
TablePair,14020a031,1,CODE,,1412574d0,.text
TablePair,14020a031,0,OK,25e,1425cca90,.data
TablePair,14020a031,1,CODE,,141257590,.text
TablePair,14020a031,0,OK,25f,1425ccb90,.data
TablePair,14020a031,1,CODE,,1412575f0,.text
TablePair,14020a031,0,OK,260,1425ccce0,.data
TablePair,14020a031,1,CODE,,1412576b0,.text
TablePair,14020a031,0,OK,261,1425cce20,.data
TablePair,14020a031,1,CODE,,141257720,.text
TablePair,14020a031,0,OK,262,1425ccf90,.data
TablePair,14020a031,1,CODE,,1412577e0,.text
TablePair,14020a031,0,OK,263,1425cd1d0,.data
TablePair,14020a031,1,CODE,,141257960,.text
TablePair,14020a031,0,OK,264,1425cd320,.data
TablePair,14020a031,1,CODE,,141257a20,.text
TablePair,14020a031,0,OK,265,1425cd490,.data
TablePair,14020a031,1,CODE,,141257ac0,.text
TablePair,14020a031,0,OK,266,1425cd600,.data
TablePair,14020a031,1,CODE,,141257b90,.text
TablePair,14020a031,0,OK,267,1425cd720,.data
TablePair,14020a031,1,CODE,,141257c20,.text
TablePair,14020a031,0,OK,268,1425cd840,.data
TablePair,14020a031,1,CODE,,141257cc0,.text
TablePair,14020a031,0,OK,269,1425cd9e0,.data
TablePair,14020a031,1,CODE,,141257d90,.text
TablePair,14020a031,0,OK,26a,1425cdb80,.data
TablePair,14020a031,1,CODE,,141257e30,.text
TablePair,14020a031,0,OK,26b,1425cdcd0,.data
TablePair,14020a031,1,CODE,,141257e90,.text
TablePair,14020a031,0,OK,26c,1425cde40,.data
TablePair,14020a031,1,CODE,,141257f90,.text
TablePair,14020a031,0,OK,26d,1425cdec0,.data
TablePair,14020a031,1,CODE,,141257ef0,.text
TablePair,14020a031,0,OK,26e,1425ce0a0,.data
TablePair,14020a031,1,CODE,,141257ff0,.text
TablePair,14020a031,0,OK,26f,1425ce1c0,.data
TablePair,14020a031,1,CODE,,141258090,.text
TablePair,14020a031,0,OK,270,1425ce2e0,.data
TablePair,14020a031,1,CODE,,141258120,.text
TablePair,14020a031,0,OK,271,1425ce420,.data
TablePair,14020a031,1,CODE,,1412581e0,.text
TablePair,14020a031,0,OK,272,1425ce4c0,.data
TablePair,14020a031,1,CODE,,1412582a0,.text
TablePair,14020a031,0,OK,273,1425ce700,.data
TablePair,14020a031,1,CODE,,141258370,.text
TablePair,14020a031,0,OK,274,1425ce960,.data
TablePair,14020a031,1,CODE,,141258400,.text
TablePair,14020a031,0,OK,276,1425ceb70,.data
TablePair,14020a031,1,CODE,,1412584c0,.text
TablePair,14020a031,0,OK,277,1425ced80,.data
TablePair,14020a031,1,CODE,,1412585b0,.text
TablePair,14020a031,0,OK,278,1425cefb0,.data
TablePair,14020a031,1,CODE,,141258680,.text
TablePair,14020a031,0,OK,279,1425cf290,.data
TablePair,14020a031,1,CODE,,141258720,.text
TablePair,14020a031,0,OK,27a,1425cf3b0,.data
TablePair,14020a031,1,CODE,,141258830,.text
TablePair,14020a031,0,OK,27b,1425cf430,.data
TablePair,14020a031,1,CODE,,1412587b0,.text
TablePair,14020a031,0,OK,506,1425cf610,.data
TablePair,14020a031,1,CODE,,141256310,.text
TablePair,14020a031,0,OK,507,1425cf780,.data
TablePair,14020a031,1,CODE,,1412563a0,.text
TablePair,14020a031,0,OK,508,1425cf8c0,.data
TablePair,14020a031,1,CODE,,141256350,.text
TablePair,14020a031,0,OK,509,1425cfa00,.data
TablePair,14020a031,1,CODE,,1412563e0,.text
TablePair,14020a031,0,OK,50a,1425cfb00,.data
TablePair,14020a031,1,CODE,,141256650,.text
TablePair,14020a031,0,OK,50b,1425cfce0,.data
TablePair,14020a031,1,CODE,,141256420,.text
TablePair,14020a031,0,OK,50c,1425cfe20,.data
TablePair,14020a031,1,CODE,,141256690,.text
TablePair,14020a031,0,OK,50d,1425d0010,.data
TablePair,14020a031,1,CODE,,141256460,.text
TablePair,14020a031,0,OK,50e,1425d0220,.data
TablePair,14020a031,1,CODE,,1412564d0,.text
TablePair,14020a031,0,OK,50f,1425d0340,.data
TablePair,14020a031,1,CODE,,141256610,.text
TablePair,14020a031,0,OK,510,1425d0410,.data
TablePair,14020a031,1,CODE,,1412565d0,.text
TablePair,14020a031,0,OK,511,1425d04e0,.data
TablePair,14020a031,1,CODE,,141256590,.text
TablePair,14020a031,0,OK,512,1425d0660,.data
TablePair,14020a031,1,CODE,,141256510,.text
TablePair,14020a031,0,OK,27c,1425d08c0,.data
TablePair,14020a031,1,CODE,,1412588a0,.text
TablePair,14020a031,0,OK,27d,1425d0a00,.data
TablePair,14020a031,1,CODE,,141258950,.text
TablePair,14020a031,0,OK,27e,1425d0ad0,.data
TablePair,14020a031,1,CODE,,1412589a0,.text
TablePair,14020a031,0,OK,27f,1425d0bf0,.data
TablePair,14020a031,1,CODE,,141258a10,.text
TablePair,14020a031,0,OK,280,1425d0d40,.data
TablePair,14020a031,1,CODE,,141258a80,.text
TablePair,14020a031,0,OK,281,1425d0ee0,.data
TablePair,14020a031,1,CODE,,141258af0,.text
TablePair,14020a031,0,OK,282,1425d10a0,.data
TablePair,14020a031,1,CODE,,141258b60,.text
TablePair,14020a031,0,OK,283,1425d1230,.data
TablePair,14020a031,1,CODE,,141258bd0,.text
TablePair,14020a031,0,OK,284,1425d13f0,.data
TablePair,14020a031,1,CODE,,141258c40,.text
TablePair,14020a031,0,OK,285,1425d1530,.data
TablePair,14020a031,1,CODE,,141258cb0,.text
TablePair,14020a031,0,OK,287,1425d16f0,.data
TablePair,14020a031,1,CODE,,141258d50,.text
TablePair,14020a031,0,OK,286,1425d1920,.data
TablePair,14020a031,1,CODE,,141258dd0,.text
TablePair,14020a031,0,OK,28a,1425d1ae0,.data
TablePair,14020a031,1,CODE,,141258ea0,.text
TablePair,14020a031,0,OK,28b,1425d1c50,.data
TablePair,14020a031,1,CODE,,141258f10,.text
TablePair,14020a031,0,OK,28c,1425d1d20,.data
TablePair,14020a031,1,CODE,,141258f80,.text
TablePair,14020a031,0,OK,28d,1425d1e70,.data
TablePair,14020a031,1,CODE,,1412591d0,.text
TablePair,14020a031,0,OK,288,1425d1f90,.data
TablePair,14020a031,1,CODE,,141259230,.text
TablePair,14020a031,0,OK,289,1425d20d0,.data
TablePair,14020a031,1,CODE,,141258e40,.text
TablePair,14020a031,0,OK,28e,1425d2240,.data
TablePair,14020a031,1,CODE,,141258fe0,.text
TablePair,14020a031,0,OK,28f,1425d2380,.data
TablePair,14020a031,1,CODE,,141259050,.text
TablePair,14020a031,0,OK,290,1425d24c0,.data
TablePair,14020a031,1,CODE,,1412590c0,.text
TablePair,14020a031,0,OK,291,1425d2680,.data
TablePair,14020a031,1,CODE,,141259130,.text
TablePair,14020a031,0,OK,292,1425d2890,.data
TablePair,14020a031,1,CODE,,1412592a0,.text
TablePair,14020a031,0,OK,293,1425d2b40,.data
TablePair,14020a031,1,CODE,,141259330,.text
TablePair,14020a031,0,OK,294,1425d2c60,.data
TablePair,14020a031,1,CODE,,141259390,.text
TablePair,14020a031,0,OK,295,1425d2d50,.data
TablePair,14020a031,1,CODE,,1412593c0,.text
TablePair,14020a031,0,OK,296,1425d2e70,.data
TablePair,14020a031,1,CODE,,141259420,.text
TablePair,14020a031,0,OK,297,1425d2fc0,.data
TablePair,14020a031,1,CODE,,141259620,.text
TablePair,14020a031,0,OK,298,1425d3180,.data
TablePair,14020a031,1,CODE,,141259690,.text
TablePair,14020a031,0,OK,299,1425d3310,.data
TablePair,14020a031,1,CODE,,141259490,.text
TablePair,14020a031,0,OK,29a,1425d3450,.data
TablePair,14020a031,1,CODE,,141259580,.text
TablePair,14020a031,0,OK,29b,1425d35c0,.data
TablePair,14020a031,1,CODE,,141259500,.text
TablePair,14020a031,0,OK,29c,1425d3750,.data
TablePair,14020a031,1,CODE,,141259700,.text
TablePair,14020a031,0,OK,29d,1425d3890,.data
TablePair,14020a031,1,CODE,,141259740,.text
TablePair,14020a031,0,OK,29e,1425d39d0,.data
TablePair,14020a031,1,CODE,,141259cc0,.text
TablePair,14020a031,0,OK,29f,1425d3af0,.data
TablePair,14020a031,1,CODE,,1412597f0,.text
TablePair,14020a031,0,OK,2a0,1425d3c60,.data
TablePair,14020a031,1,CODE,,141259900,.text
TablePair,14020a031,0,OK,2a1,1425d3da0,.data
TablePair,14020a031,1,CODE,,141259990,.text
TablePair,14020a031,0,OK,2a2,1425d3f10,.data
TablePair,14020a031,1,CODE,,141259880,.text
TablePair,14020a031,0,OK,2a3,1425d4310,.data
TablePair,14020a031,1,CODE,,1412599d0,.text
TablePair,14020a031,0,OK,2a4,1425d3100,.data
TablePair,14020a031,1,CODE,,14124b290,.text
TablePair,14020a031,0,OK,2a5,1425d44d0,.data
TablePair,14020a031,1,CODE,,141259a30,.text
TablePair,14020a031,0,OK,2a6,1425d46b0,.data
TablePair,14020a031,1,CODE,,141259ad0,.text
TablePair,14020a031,0,OK,2a7,1425d4840,.data
TablePair,14020a031,1,CODE,,141259b40,.text
TablePair,14020a031,0,OK,2a8,1425d4980,.data
TablePair,14020a031,1,CODE,,141259bd0,.text
TablePair,14020a031,0,OK,2a9,1425d4a80,.data
TablePair,14020a031,1,CODE,,141259c10,.text
TablePair,14020a031,0,OK,2aa,1425d4ba0,.data
TablePair,14020a031,1,CODE,,141259d60,.text
TablePair,14020a031,0,OK,2ab,1425d4cf0,.data
TablePair,14020a031,1,CODE,,141259db0,.text
TablePair,14020a031,0,OK,2ac,1425d4e30,.data
TablePair,14020a031,1,CODE,,141259e60,.text
TablePair,14020a031,0,OK,2ad,1425d4f50,.data
TablePair,14020a031,1,CODE,,141259f10,.text
TablePair,14020a031,0,OK,2ae,1425d5070,.data
TablePair,14020a031,1,CODE,,141259f80,.text
TablePair,14020a031,0,OK,2af,1425d51e0,.data
TablePair,14020a031,1,CODE,,14125a020,.text
TablePair,14020a031,0,OK,2b0,1425d53a0,.data
TablePair,14020a031,1,CODE,,14125a0d0,.text
TablePair,14020a031,0,OK,2b1,1425d5510,.data
TablePair,14020a031,1,CODE,,14125a160,.text
TablePair,14020a031,0,OK,2b8,1425d59c0,.data
TablePair,14020a031,1,CODE,,14125a210,.text
TablePair,14020a031,0,OK,2b3,1425d5600,.data
TablePair,14020a031,1,CODE,,14125a190,.text
TablePair,14020a031,0,OK,2b4,1425d5750,.data
TablePair,14020a031,1,CODE,,14125a1c0,.text
TablePair,14020a031,0,OK,2b7,1425d58f0,.data
TablePair,14020a031,1,CODE,,14125a1f0,.text
TablePair,14020a031,0,OK,2ba,1425d5ab0,.data
TablePair,14020a031,1,CODE,,14125a230,.text
TablePair,14020a031,0,OK,2bb,1425d5bd0,.data
TablePair,14020a031,1,CODE,,14125a250,.text
TablePair,14020a031,0,OK,2bc,1425d5d10,.data
TablePair,14020a031,1,CODE,,14125a290,.text
TablePair,14020a031,0,OK,2bd,1425d5e80,.data
TablePair,14020a031,1,CODE,,14125a320,.text
TablePair,14020a031,0,OK,2be,1425d5f00,.data
TablePair,14020a031,1,CODE,,14125a3a0,.text
TablePair,14020a031,0,OK,2bf,1425d6070,.data
TablePair,14020a031,1,CODE,,14125a420,.text
TablePair,14020a031,0,OK,2c0,1425d6280,.data
TablePair,14020a031,1,CODE,,14125a4a0,.text
TablePair,14020a031,0,OK,2c1,1425d63a0,.data
TablePair,14020a031,1,CODE,,14125a520,.text
TablePair,14020a031,0,OK,2c2,1425d6610,.data
TablePair,14020a031,1,CODE,,14125a5a0,.text
TablePair,14020a031,0,OK,2c3,1425d6960,.data
TablePair,14020a031,1,CODE,,14125a5d0,.text
TablePair,14020a031,0,OK,2c4,1425d6a30,.data
TablePair,14020a031,1,CODE,,14125a5f0,.text
TablePair,14020a031,0,OK,2c5,1425d6b50,.data
TablePair,14020a031,1,CODE,,14125a6a0,.text
TablePair,14020a031,0,OK,2c6,1425d6cc0,.data
TablePair,14020a031,1,CODE,,14125a6f0,.text
TablePair,14020a031,0,OK,2c7,1425d6eb0,.data
TablePair,14020a031,1,CODE,,14125a620,.text
TablePair,14020a031,0,OK,2c9,1425d7470,.data
TablePair,14020a031,1,CODE,,14125a820,.text
TablePair,14020a031,0,OK,2c8,1425d72b0,.data
TablePair,14020a031,1,CODE,,14125a760,.text
TablePair,14020a031,0,OK,2ca,1425d75e0,.data
TablePair,14020a031,1,CODE,,14125a9f0,.text
TablePair,14020a771,0,OK,105,1425dad60,.data
TablePair,14020a771,0,OK,106,1425dae00,.data
TablePair,14020a771,0,OK,104,1425daef0,.data
TablePair,14020a771,0,OK,107,1425dafe0,.data
TablePair,14020a771,0,OK,2cb,1425db0b0,.data
TablePair,14020a771,1,CODE,,1412abc00,.text
TablePair,14020a771,0,OK,2cc,1425db130,.data
TablePair,14020a771,1,CODE,,1412abc30,.text
TablePair,14020a771,0,OK,2cd,1425db1b0,.data
TablePair,14020a771,1,CODE,,1412abc60,.text
TablePair,14020a771,0,OK,2cf,1425db320,.data
TablePair,14020a771,1,CODE,,1412abd00,.text
TablePair,14020a771,0,OK,2ce,14254d1c0,.data
TablePair,14020a771,1,CODE,,1412abbd0,.text
TablePair,14020a8e1,0,OK,108,1425db9c0,.data
TablePair,14020a8e1,0,OK,2d0,1425db7d0,.data
TablePair,14020a8e1,1,CODE,,1412ae750,.text
TablePair,14020a8e1,0,OK,2d2,1425db870,.data
TablePair,14020a8e1,1,CODE,,1412ae7f0,.text
TablePair,14020a8e1,0,OK,2d1,1425db940,.data
TablePair,14020a8e1,1,CODE,,1412ae850,.text
TablePair,14020b091,0,OK,101,1425dbb50,.data
TablePair,14020b091,0,OK,102,1425dbbd0,.data
TablePair,14020b091,0,OK,103,1425dbca0,.data
TablePair,14020b091,0,OK,2d3,1425dbd90,.data
TablePair,14020b091,1,CODE,,1412bbb80,.text
TablePair,14020b091,0,OK,2d4,1425dbe60,.data
TablePair,14020b091,1,CODE,,1412bbc40,.text
TablePair,14020b091,0,OK,2d5,1425dbf30,.data
TablePair,14020b091,1,CODE,,1412bbcb0,.text
TablePair,14020b091,0,OK,2d6,1425dbfb0,.data
TablePair,14020b091,1,CODE,,1412bbd10,.text
TablePair,14020b091,0,OK,2d7,1425dc030,.data
TablePair,14020b091,1,CODE,,1412bbd70,.text
TablePair,14020b091,0,OK,2d8,1425dc0d0,.data
TablePair,14020b091,1,CODE,,1412bbe00,.text
TablePair,14020b091,0,OK,2da,1425dc170,.data
TablePair,14020b091,1,CODE,,1412bbf10,.text
TablePair,14020b091,0,OK,2db,1425dc240,.data
TablePair,14020b091,1,CODE,,1412bbf80,.text
TablePair,14020b091,0,OK,2dc,1425dc310,.data
TablePair,14020b091,1,CODE,,1412bc020,.text
TablePair,14020b091,0,OK,2dd,1425dc390,.data
TablePair,14020b091,1,CODE,,1412bc0a0,.text
TablePair,14020b091,0,OK,2d9,1425dc430,.data
TablePair,14020b091,1,CODE,,1412bbe60,.text
TablePair,14020b421,0,OK,116,1425dd350,.data
TablePair,14020b421,0,OK,10a,1425dd1b0,.data
TablePair,14020b421,0,OK,10b,1425dd280,.data
TablePair,14020b421,0,OK,301,1425dd540,.data
TablePair,14020b421,1,CODE,,1412cae30,.text
TablePair,14020b421,0,OK,2e8,1425dd5e0,.data
TablePair,14020b421,1,CODE,,1412cadc0,.text
TablePair,14020b421,0,OK,2e9,1425dd680,.data
TablePair,14020b421,1,CODE,,1412cae10,.text
TablePair,14020b421,0,OK,2e6,1425dd3d0,.data
TablePair,14020b421,1,CODE,,1412cae50,.text
TablePair,14020b421,0,OK,2e7,1425dd4a0,.data
TablePair,14020b421,1,CODE,,1412cae90,.text
TablePair,14020b421,0,OK,2ea,1425dd720,.data
TablePair,14020b421,1,CODE,,1412caed0,.text
TablePair,14021b391,0,OK,10c,1425ebdc0,.data
TablePair,14021b391,0,OK,10d,1425ebc80,.data
TablePair,14021b391,0,OK,10e,1425ebe60,.data
TablePair,14021b391,0,OK,10f,1425ebf80,.data
TablePair,14021b391,0,OK,110,1425ec1c0,.data
TablePair,14021b391,0,OK,111,1425ec360,.data
TablePair,14021b391,0,OK,112,1425ec5e0,.data
TablePair,14021b391,0,OK,113,1425ec780,.data
TablePair,14021b391,0,OK,2ee,1425ec070,.data
TablePair,14021b391,1,CODE,,1413034b0,.text
TablePair,14021b391,0,OK,2ef,1425ec140,.data
TablePair,14021b391,1,CODE,,141303550,.text
TablePair,14021b391,0,OK,2f0,1425ec290,.data
TablePair,14021b391,1,CODE,,141302d20,.text
TablePair,14021b391,0,OK,2f1,1425ec4a0,.data
TablePair,14021b391,1,CODE,,141302db0,.text
TablePair,14021b391,0,OK,2f2,1425ec6b0,.data
TablePair,14021b391,1,CODE,,141303440,.text
TablePair,14021b391,0,OK,2f3,1425ec870,.data
TablePair,14021b391,1,CODE,,141302cb0,.text
TablePair,14021b521,0,OK,114,1425eca90,.data
TablePair,14021b521,0,OK,115,1425ecb30,.data
TablePair,14021b521,0,OK,2f4,1425ecbb0,.data
TablePair,14021b521,1,CODE,,14130ae40,.text
TablePair,14021b521,0,OK,2f5,1425ecd70,.data
TablePair,14021b521,1,CODE,,14130af00,.text
TablePair,14021b521,0,OK,2f6,1425ecee0,.data
TablePair,14021b521,1,CODE,,14130aff0,.text
TablePair,14021b521,0,OK,2f7,1425ed000,.data
TablePair,14021b521,1,CODE,,14130b050,.text
TablePair,14021b521,0,OK,2f8,1425ed190,.data
TablePair,14021b521,1,CODE,,14130b0e0,.text
TablePair,14021b521,0,OK,2f9,1425ed440,.data
TablePair,14021b521,1,CODE,,14130b1a0,.text
TablePair,14021b521,0,OK,2fa,1425ed4e0,.data
TablePair,14021b521,1,CODE,,14130b210,.text
TablePair,14021b521,0,OK,2fb,1425ed560,.data
TablePair,14021b521,1,CODE,,14130b240,.text
TablePair,14021b521,0,OK,2fc,1425ed650,.data
TablePair,14021b521,1,CODE,,14130b2e0,.text
TablePair,14021b671,0,OK,11a,1425ee240,.data
TablePair,14021b671,0,OK,119,1425ee150,.data
TablePair,14021b671,0,OK,117,1425edcc0,.data
TablePair,14021b671,0,OK,11c,1425ee2c0,.data
TablePair,14021b671,0,OK,11d,1425ee3b0,.data
TablePair,14021b671,0,OK,11e,1425ee7a0,.data
TablePair,14021b671,0,OK,118,1425ee080,.data
TablePair,14021b671,0,OK,11b,1425ee890,.data
TablePair,14021b671,0,OK,11f,1425ee9b0,.data
TablePair,14021b671,0,OK,302,1425eead0,.data
TablePair,14021b671,1,CODE,,141316bd0,.text
TablePair,14021b671,0,OK,303,1425eebc0,.data
TablePair,14021b671,1,CODE,,141316c00,.text
TablePair,14021b671,0,OK,304,1425eecb0,.data
TablePair,14021b671,1,CODE,,141316c30,.text
TablePair,14021b671,0,OK,305,1425ef210,.data
TablePair,14021b671,1,CODE,,141316c60,.text
TablePair,14021b671,0,OK,306,1425eeda0,.data
TablePair,14021b671,1,CODE,,141316c90,.text
TablePair,14021b671,0,OK,307,1425eeec0,.data
TablePair,14021b671,1,CODE,,141316cc0,.text
TablePair,14021b671,0,OK,308,1425eefb0,.data
TablePair,14021b671,1,CODE,,141316cf0,.text
TablePair,14021b671,0,OK,309,1425ef0a0,.data
TablePair,14021b671,1,CODE,,141316d20,.text
TablePair,14021b671,0,OK,30b,1425ef330,.data
TablePair,14021b671,1,CODE,,141316b50,.text
TablePair,14021b671,0,OK,30c,1425ef400,.data
TablePair,14021b671,1,CODE,,141316d80,.text
TablePair,14021b671,0,OK,30d,1425ef4a0,.data
TablePair,14021b671,1,CODE,,141316ba0,.text
TablePair,14021b671,0,OK,30a,1425ef190,.data
TablePair,14021b671,1,CODE,,141316d50,.text
TablePair,14021b991,0,OK,120,1425f03d0,.data
TablePair,14021b991,0,OK,2fd,1425f00c0,.data
TablePair,14021b991,1,CODE,,14132dac0,.text
TablePair,14021b991,0,OK,2fe,1425f0140,.data
TablePair,14021b991,1,CODE,,14132daf0,.text
TablePair,14021b991,0,OK,2ff,1425f02b0,.data
TablePair,14021b991,1,CODE,,14132db20,.text
TablePair,14021b991,0,OK,300,1425f0330,.data
TablePair,14021b991,1,CODE,,14132db60,.text
TablePair,14021c451,0,OK,122,1425f2c30,.data
TablePair,14021c451,0,OK,123,1425f2cb0,.data
TablePair,14021c451,0,OK,124,1425f2d30,.data
TablePair,14021c451,0,OK,125,1425f2db0,.data
TablePair,14021c451,0,OK,126,1425f2e50,.data
TablePair,14021c451,0,OK,333,1425f2ed0,.data
TablePair,14021c451,1,CODE,,14136c5e0,.text
TablePair,14021c451,0,OK,334,1425f2f50,.data
TablePair,14021c451,1,CODE,,14136c620,.text
TablePair,14021c451,0,OK,336,1425f3180,.data
TablePair,14021c451,1,CODE,,14136c730,.text
TablePair,14021c451,0,OK,337,1425f3270,.data
TablePair,14021c451,1,CODE,,14136c770,.text
TablePair,14021c451,0,OK,338,1425f3360,.data
TablePair,14021c451,1,CODE,,14136c7b0,.text
TablePair,14021c451,0,OK,335,1425f2ff0,.data
TablePair,14021c451,1,CODE,,14136c6f0,.text
TablePair,14021c451,0,OK,339,1425f3090,.data
TablePair,14021c451,1,CODE,,14136c7f0,.text
TablePair,14021c451,0,OK,33b,1425f3450,.data
TablePair,14021c451,1,CODE,,14136c830,.text
TablePair,14021c451,0,OK,33c,1425f3520,.data
TablePair,14021c451,1,CODE,,14136c8d0,.text
TablePair,14021c451,0,OK,33d,1425f35a0,.data
TablePair,14021c451,1,CODE,,14136c920,.text
TablePair,14021c451,0,OK,33e,1425f4b50,.data
TablePair,14021c451,1,CODE,,14136ca00,.text
TablePair,14021c451,0,OK,33f,1425f4bf0,.data
TablePair,14021c451,1,CODE,,14136ca80,.text
TablePair,14021c451,0,OK,340,1425f4c90,.data
TablePair,14021c451,1,CODE,,14136cb00,.text
TablePair,14021c451,0,OK,341,1425f4d30,.data
TablePair,14021c451,1,CODE,,14136cb80,.text
TablePair,14021c451,0,OK,342,1425f3670,.data
TablePair,14021c451,1,CODE,,14136cc00,.text
TablePair,14021c451,0,OK,343,1425f3740,.data
TablePair,14021c451,1,CODE,,14136cc90,.text
TablePair,14021c451,0,OK,344,1425f37e0,.data
TablePair,14021c451,1,CODE,,14136ccf0,.text
TablePair,14021c451,0,OK,345,1425f39a0,.data
TablePair,14021c451,1,CODE,,14136cd50,.text
TablePair,14021c451,0,OK,347,1425f3ae0,.data
TablePair,14021c451,1,CODE,,14136ce40,.text
TablePair,14021c451,0,OK,346,1425f3a40,.data
TablePair,14021c451,1,CODE,,14136cdb0,.text
TablePair,14021c451,0,OK,348,1425f3b80,.data
TablePair,14021c451,1,CODE,,14136cea0,.text
TablePair,14021c451,0,OK,349,1425f3c20,.data
TablePair,14021c451,1,CODE,,14136cf30,.text
TablePair,14021c451,0,OK,34a,1425f3cf0,.data
TablePair,14021c451,1,CODE,,14136d180,.text
TablePair,14021c451,0,OK,34b,1425f3d90,.data
TablePair,14021c451,1,CODE,,14136cfd0,.text
TablePair,14021c451,0,OK,34c,1425f3e30,.data
TablePair,14021c451,1,CODE,,14136d060,.text
TablePair,14021c451,0,OK,34d,1425f3ed0,.data
TablePair,14021c451,1,CODE,,14136d0f0,.text
TablePair,14021c451,0,OK,34e,1425f3f70,.data
TablePair,14021c451,1,CODE,,14136d210,.text
TablePair,14021c451,0,OK,34f,1425f4010,.data
TablePair,14021c451,1,CODE,,14136d2a0,.text
TablePair,14021c451,0,OK,350,1425f4150,.data
TablePair,14021c451,1,CODE,,14136d340,.text
TablePair,14021c451,0,OK,351,1425f4220,.data
TablePair,14021c451,1,CODE,,14136d420,.text
TablePair,14021c451,0,OK,352,1425f42c0,.data
TablePair,14021c451,1,CODE,,14136d500,.text
TablePair,14021c451,0,OK,353,1425f4390,.data
TablePair,14021c451,1,CODE,,14136d5d0,.text
TablePair,14021c451,0,OK,354,1425f4480,.data
TablePair,14021c451,1,CODE,,14136d6b0,.text
TablePair,14021c451,0,OK,355,1425f4500,.data
TablePair,14021c451,1,CODE,,14136d770,.text
TablePair,14021c451,0,OK,356,1425f45d0,.data
TablePair,14021c451,1,CODE,,14136d840,.text
TablePair,14021c451,0,OK,357,1425f4710,.data
TablePair,14021c451,1,CODE,,14136d930,.text
TablePair,14021c451,0,OK,358,1425f4800,.data
TablePair,14021c451,1,CODE,,14136da20,.text
TablePair,14021c451,0,OK,359,1425f48a0,.data
TablePair,14021c451,1,CODE,,14136dad0,.text
TablePair,14021c451,0,OK,35a,1425f4940,.data
TablePair,14021c451,1,CODE,,14136db30,.text
TablePair,14021c451,0,OK,35b,1425f4e50,.data
TablePair,14021c451,1,CODE,,14136db90,.text
TablePair,14021c451,0,OK,35c,1425f4ef0,.data
TablePair,14021c451,1,CODE,,14136dc10,.text
TablePair,14021c451,0,OK,35d,1425f4f90,.data
TablePair,14021c451,1,CODE,,14136dc90,.text
TablePair,14021c451,0,OK,35e,1425f50b0,.data
TablePair,14021c451,1,CODE,,14136dd30,.text
TablePair,14021c451,0,OK,35f,1425f5150,.data
TablePair,14021c451,1,CODE,,14136ddb0,.text
TablePair,14021cb11,0,OK,127,1425f5920,.data
TablePair,14021cb11,0,OK,128,1425f59f0,.data
TablePair,14021cb11,0,OK,129,1425f5ae0,.data
TablePair,14021cb11,0,OK,12a,1425f5b30,.data
TablePair,14021cb11,0,OK,12b,1425f5bd0,.data
TablePair,14021cb11,0,OK,12c,1425f5d40,.data
TablePair,14021cb11,0,OK,12d,1425f5e80,.data
TablePair,14021cb11,0,OK,12e,1425f5f50,.data
TablePair,14021cb11,0,OK,12f,1425f6090,.data
TablePair,14021cb11,0,OK,130,1425f64e0,.data
TablePair,14021cb11,0,OK,131,1425f6200,.data
TablePair,14021cb11,0,OK,132,1425f6280,.data
TablePair,14021cb11,0,OK,133,1425f6320,.data
TablePair,14021cb11,0,OK,134,1425f6460,.data
TablePair,14021cb11,0,OK,13e,1425f65b0,.data
TablePair,14021cb11,0,OK,136,1425f6720,.data
TablePair,14021cb11,0,OK,138,1425f6810,.data
TablePair,14021cb11,0,OK,139,1425f6890,.data
TablePair,14021cb11,0,OK,13a,1425f6930,.data
TablePair,14021cb11,0,OK,13b,1425f69d0,.data
TablePair,14021cb11,0,OK,13c,1425f6a70,.data
TablePair,14021cb11,0,OK,13d,1425f6b60,.data
TablePair,14021cb11,0,OK,141,1425f6ee0,.data
TablePair,14021cb11,0,OK,13f,1425f6c50,.data
TablePair,14021cb11,0,OK,140,1425f6d20,.data
TablePair,14021cb11,0,OK,14a,1425f6df0,.data
TablePair,14021cb11,0,OK,142,1425f6f30,.data
TablePair,14021cb11,0,OK,143,1425f7050,.data
TablePair,14021cb11,0,OK,144,1425f7170,.data
TablePair,14021cb11,0,OK,145,1425f7240,.data
TablePair,14021cb11,0,OK,146,1425f72e0,.data
TablePair,14021cb11,0,OK,147,1425f73b0,.data
TablePair,14021cb11,0,OK,148,1425f7450,.data
TablePair,14021cb11,0,OK,149,1425f6160,.data
TablePair,14021cb11,0,OK,14b,1425f7540,.data
TablePair,14021cb11,0,OK,14c,1425f75c0,.data
TablePair,14021cb11,0,OK,360,1425f76b0,.data
TablePair,14021cb11,1,CODE,,141392dd0,.text
TablePair,14021cb11,0,OK,361,1425f78c0,.data
TablePair,14021cb11,1,CODE,,141392e50,.text
TablePair,14021cb11,0,OK,362,1425f7940,.data
TablePair,14021cb11,1,CODE,,141392e80,.text
TablePair,14021cb11,0,OK,363,1425f7a60,.data
TablePair,14021cb11,1,CODE,,141392f50,.text
TablePair,14021cb11,0,OK,364,1425f7b50,.data
TablePair,14021cb11,1,CODE,,141393010,.text
TablePair,14021cb11,0,OK,365,1425f7bf0,.data
TablePair,14021cb11,1,CODE,,141393070,.text
TablePair,14021cb11,0,OK,366,1425f7ce0,.data
TablePair,14021cb11,1,CODE,,141393170,.text
TablePair,14021cb11,0,OK,367,1425f79e0,.data
TablePair,14021cb11,1,CODE,,141392ef0,.text
TablePair,14021cb11,0,OK,368,1425f7990,.data
TablePair,14021cb11,1,CODE,,141392ed0,.text
TablePair,14021cb11,0,OK,369,1425f7d80,.data
TablePair,14021cb11,1,CODE,,1413931d0,.text
TablePair,14021cb11,0,OK,36c,1425f7e20,.data
TablePair,14021cb11,1,CODE,,141393210,.text
TablePair,14021cb11,0,OK,36a,1425f7f40,.data
TablePair,14021cb11,1,CODE,,141393290,.text
TablePair,14021cb11,0,OK,36b,1425f8010,.data
TablePair,14021cb11,1,CODE,,1413932d0,.text
TablePair,14021cb11,0,OK,36d,1425f8060,.data
TablePair,14021cb11,1,CODE,,1413932f0,.text
TablePair,14021cb11,0,OK,36e,1425f8100,.data
TablePair,14021cb11,1,CODE,,141393320,.text
TablePair,14021cb11,0,OK,36f,1425f81d0,.data
TablePair,14021cb11,1,CODE,,1413933a0,.text
TablePair,14021cb11,0,OK,371,1425f8250,.data
TablePair,14021cb11,1,CODE,,1413933d0,.text
TablePair,14021cb11,0,OK,373,1425f82d0,.data
TablePair,14021cb11,1,CODE,,141393470,.text
TablePair,14021cb11,0,OK,376,1425f8370,.data
TablePair,14021cb11,1,CODE,,1413934a0,.text
TablePair,14021cb11,0,OK,374,1425f8470,.data
TablePair,14021cb11,1,CODE,,1413934d0,.text
TablePair,14021cb11,0,OK,375,1425f8540,.data
TablePair,14021cb11,1,CODE,,141393400,.text
TablePair,14021cb11,0,OK,378,1425f85e0,.data
TablePair,14021cb11,1,CODE,,1413935d0,.text
TablePair,14021cb11,0,OK,379,1425f87a0,.data
TablePair,14021cb11,1,CODE,,141393630,.text
TablePair,14021cb11,0,OK,37a,1425f8890,.data
TablePair,14021cb11,1,CODE,,1413935a0,.text
TablePair,14021cb11,0,OK,37b,1425f8910,.data
TablePair,14021cb11,1,CODE,,141393570,.text
TablePair,14021cb11,0,OK,37c,1425f8990,.data
TablePair,14021cb11,1,CODE,,141393960,.text
TablePair,14021cb11,0,OK,37d,1425f8a30,.data
TablePair,14021cb11,1,CODE,,1413939a0,.text
TablePair,14021cb11,0,OK,37e,1425f8b00,.data
TablePair,14021cb11,1,CODE,,141393a10,.text
TablePair,14021cb11,0,OK,37f,1425f8bd0,.data
TablePair,14021cb11,1,CODE,,141393ac0,.text
TablePair,14021cb11,0,OK,370,1425f8c70,.data
TablePair,14021cb11,1,CODE,,141393b70,.text
TablePair,14021cb11,0,OK,372,1425f8d10,.data
TablePair,14021cb11,1,CODE,,141393bf0,.text
TablePair,14021cb11,0,OK,377,1425f8e30,.data
TablePair,14021cb11,1,CODE,,141393c90,.text
TablePair,14021cb11,0,OK,380,1425f8f00,.data
TablePair,14021cb11,1,CODE,,141393d80,.text
TablePair,14021cb11,0,OK,381,1425f8f80,.data
TablePair,14021cb11,1,CODE,,141393db0,.text
TablePair,14021cb11,0,OK,382,1425f9050,.data
TablePair,14021cb11,1,CODE,,141393ce0,.text
TablePair,14021cf01,0,OK,14d,1425f9d10,.data
TablePair,14021cf01,0,OK,14e,1425f9eb0,.data
TablePair,14021cf01,0,OK,14f,1425f9d90,.data
TablePair,14021cf01,0,OK,150,1425f9f30,.data
TablePair,14021cf01,0,OK,151,1425f9f80,.data
TablePair,14021cf01,0,OK,152,1425fa000,.data
TablePair,14021cf01,0,OK,153,1425fa080,.data
TablePair,14021cf01,0,OK,154,1425fa100,.data
TablePair,14021cf01,0,OK,388,1425fa1a0,.data
TablePair,14021cf01,1,CODE,,1413a4120,.text
TablePair,14021cf01,0,OK,389,1425fa270,.data
TablePair,14021cf01,1,CODE,,1413a41c0,.text
TablePair,14021d281,0,OK,155,1425fab40,.data
TablePair,14021d281,0,OK,156,1425fabc0,.data
TablePair,14021d281,0,OK,157,1425fac60,.data
TablePair,14021d281,0,OK,158,1425face0,.data
TablePair,14021d281,0,OK,15a,1425fad60,.data
TablePair,14021d281,0,OK,15c,1425fae00,.data
TablePair,14021d281,0,OK,15d,1425fae80,.data
TablePair,14021d281,0,OK,15e,1425faff0,.data
TablePair,14021d281,0,OK,15f,1425fb040,.data
TablePair,14021d281,0,OK,160,1425fb090,.data
TablePair,14021d281,0,OK,38a,1425fb0e0,.data
TablePair,14021d281,1,CODE,,1413b9710,.text
TablePair,14021d281,0,OK,38b,1425fb130,.data
TablePair,14021d281,1,CODE,,1413b9730,.text
TablePair,14021d281,0,OK,393,1425fb180,.data
TablePair,14021d281,1,CODE,,1413b9750,.text
TablePair,14021d281,0,OK,394,1425fb1d0,.data
TablePair,14021d281,1,CODE,,1413b97b0,.text
TablePair,14021d281,0,OK,395,1425fb250,.data
TablePair,14021d281,1,CODE,,1413b9820,.text
TablePair,14021d281,0,OK,396,1425fb2f0,.data
TablePair,14021d281,1,CODE,,1413b98c0,.text
TablePair,14021d281,0,OK,397,1425fb370,.data
TablePair,14021d281,1,CODE,,1413b9a90,.text
TablePair,14021d281,0,OK,398,1425fb3c0,.data
TablePair,14021d281,1,CODE,,1413b9af0,.text
TablePair,14021d281,0,OK,399,1425fb410,.data
TablePair,14021d281,1,CODE,,1413b9b50,.text
TablePair,14021d281,0,OK,39a,1425fb490,.data
TablePair,14021d281,1,CODE,,1413b9bc0,.text
TablePair,14021d281,0,OK,39b,1425fb560,.data
TablePair,14021d281,1,CODE,,1413b9c60,.text
TablePair,14021d281,0,OK,3a2,1425fb630,.data
TablePair,14021d281,1,CODE,,1413b9e00,.text
TablePair,14021d281,0,OK,3a3,1425fb6b0,.data
TablePair,14021d281,1,CODE,,1413ba000,.text
TablePair,14021d281,0,OK,39f,1425fb700,.data
TablePair,14021d281,1,CODE,,1413b9e30,.text
TablePair,14021d281,0,OK,3a0,1425fb7a0,.data
TablePair,14021d281,1,CODE,,1413b9f60,.text
TablePair,14021d281,0,OK,3a1,1425fb820,.data
TablePair,14021d281,1,CODE,,1413b9d20,.text
TablePair,14021d281,0,OK,3a4,1425fb990,.data
TablePair,14021d281,1,CODE,,1413b9d50,.text
TablePair,14021d281,0,OK,3a7,1425fba10,.data
TablePair,14021d281,1,CODE,,1413b9ef0,.text
TablePair,14021d281,0,OK,3a5,1425fbab0,.data
TablePair,14021d281,1,CODE,,1413b9f90,.text
TablePair,14021d281,0,OK,3a6,1425fbb30,.data
TablePair,14021d281,1,CODE,,1413b9eb0,.text
TablePair,14021d281,0,OK,383,1425fbbb0,.data
TablePair,14021d281,1,CODE,,1413ba0e0,.text
TablePair,14021d281,0,OK,384,1425fbc80,.data
TablePair,14021d281,1,CODE,,1413ba030,.text
TablePair,14021d281,0,OK,386,1425fbda0,.data
TablePair,14021d281,1,CODE,,1413ba1b0,.text
TablePair,14021d281,0,OK,385,1425fbd20,.data
TablePair,14021d281,1,CODE,,1413ba150,.text
TablePair,14021d281,0,OK,387,1425fbe20,.data
TablePair,14021d281,1,CODE,,1413ba210,.text
TablePair,14021d281,0,OK,3a8,1425fbea0,.data
TablePair,14021d281,1,CODE,,1413ba280,.text
TablePair,14021d281,0,OK,3a9,1425fbf20,.data
TablePair,14021d281,1,CODE,,1413ba2b0,.text
TablePair,14021d281,0,OK,3b0,1425fc430,.data
TablePair,14021d281,1,CODE,,1413ba2e0,.text
TablePair,14021d281,0,OK,3b1,1425fc4b0,.data
TablePair,14021d281,1,CODE,,1413ba310,.text
TablePair,14021d281,0,OK,38c,1425fc580,.data
TablePair,14021d281,1,CODE,,1413ba350,.text
TablePair,14021d281,0,OK,38d,1425fc5d0,.data
TablePair,14021d281,1,CODE,,1413ba370,.text
TablePair,14021d281,0,OK,38e,1425fc740,.data
TablePair,14021d281,1,CODE,,1413ba3c0,.text
TablePair,14021d281,0,OK,38f,1425fc8d0,.data
TablePair,14021d281,1,CODE,,1413ba440,.text
TablePair,14021d281,0,OK,390,1425fc950,.data
TablePair,14021d281,1,CODE,,1413ba470,.text
TablePair,14021d281,0,OK,391,1425fc9a0,.data
TablePair,14021d281,1,CODE,,1413ba490,.text
TablePair,14021d281,0,OK,392,1425fca20,.data
TablePair,14021d281,1,CODE,,1413ba4c0,.text
TablePair,14021d281,0,OK,39c,1425fca70,.data
TablePair,14021d281,1,CODE,,1413ba4e0,.text
TablePair,14021d281,0,OK,39d,1425fcbe0,.data
TablePair,14021d281,1,CODE,,1413ba620,.text
TablePair,14021d281,0,OK,39e,1425fcc60,.data
TablePair,14021d281,1,CODE,,1413ba660,.text
TablePair,14021d281,0,OK,3b3,1425fcce0,.data
TablePair,14021d281,1,CODE,,1413ba690,.text
TablePair,14021d281,0,OK,3b4,1425fcdb0,.data
TablePair,14021d281,1,CODE,,1413ba6c0,.text
TablePair,14021d281,0,OK,3b5,1425fce30,.data
TablePair,14021d281,1,CODE,,1413ba6f0,.text
TablePair,14021d281,0,OK,3b2,1425fceb0,.data
TablePair,14021d281,1,CODE,,1413ba740,.text
TablePair,14021d281,0,OK,3b6,1425fcf00,.data
TablePair,14021d281,1,CODE,,1413b9d00,.text
TablePair,14021d281,0,OK,3b7,1425fcf50,.data
TablePair,14021d281,1,CODE,,1413ba720,.text
TablePair,14021dcb1,0,OK,161,1425ff190,.data
TablePair,14021dcb1,0,OK,3d4,1425ff020,.data
TablePair,14021dcb1,1,CODE,,1413d9350,.text
TablePair,14021dcb1,0,OK,3d3,1425ff0f0,.data
TablePair,14021dcb1,1,CODE,,1413d9390,.text
TablePair,14021dd81,0,OK,162,1425ff4a0,.data
TablePair,14021dd81,0,OK,163,1425ff570,.data
TablePair,14021dd81,0,OK,164,1425ff640,.data
TablePair,14021dd81,0,OK,165,1425ff6e0,.data
TablePair,14021dd81,0,OK,3d5,1425ff300,.data
TablePair,14021dd81,1,CODE,,1402401f0,.text
TablePair,14021dd81,0,OK,3d6,1425ff3a0,.data
TablePair,14021dd81,1,CODE,,1413dd990,.text
TablePair,14021dd81,0,OK,3d7,1425ff420,.data
TablePair,14021dd81,1,CODE,,1413dd960,.text
TablePair,14021df71,0,OK,166,1425ffc30,.data
TablePair,14021df71,0,OK,167,1425ffe20,.data
TablePair,14021df71,0,OK,168,1425ffcd0,.data
TablePair,14021df71,0,OK,169,1425ffea0,.data
TablePair,14021df71,0,OK,16a,1425ffda0,.data
TablePair,14021df71,0,OK,16b,1425fff20,.data
TablePair,14021df71,0,OK,3d8,1425fffa0,.data
TablePair,14021df71,1,CODE,,1413e41c0,.text
TablePair,14021e101,0,OK,16c,142600130,.data
TablePair,14021e101,0,OK,170,1426001b0,.data
TablePair,14021e101,0,OK,171,142600250,.data
TablePair,14021e101,0,OK,16d,1426002f0,.data
TablePair,14021e101,0,OK,16e,142600370,.data
TablePair,14021e101,0,OK,16f,142600460,.data
TablePair,14021e101,0,OK,3d9,142600500,.data
TablePair,14021e101,1,CODE,,1413e7970,.text
TablePair,14021e101,0,OK,3da,1426005d0,.data
TablePair,14021e101,1,CODE,,1413e79b0,.text
TablePair,14021e101,0,OK,3db,142600650,.data
TablePair,14021e101,1,CODE,,1413e79e0,.text
TablePair,14021e101,0,OK,3dc,1426006a0,.data
TablePair,14021e101,1,CODE,,1413e7a00,.text
TablePair,14021e101,0,OK,3dd,142600770,.data
TablePair,14021e101,1,CODE,,1413e7a90,.text
TablePair,14021e101,0,OK,3de,142600860,.data
TablePair,14021e101,1,CODE,,1413e7b50,.text
TablePair,14021e101,0,OK,3df,142600900,.data
TablePair,14021e101,1,CODE,,1413e7be0,.text
TablePair,14021e101,0,OK,3e0,142600980,.data
TablePair,14021e101,1,CODE,,1413e7c60,.text
TablePair,14021e101,0,OK,3e1,142600a50,.data
TablePair,14021e101,1,CODE,,1413e7cf0,.text
TablePair,14021e101,0,OK,3e2,142600af0,.data
TablePair,14021e101,1,CODE,,1413e7d80,.text
TablePair,14021e101,0,OK,3e3,142600b90,.data
TablePair,14021e101,1,CODE,,1413e7e10,.text
TablePair,14021e101,0,OK,3e4,142600c80,.data
TablePair,14021e101,1,CODE,,1413e7ed0,.text
TablePair,14021e271,0,OK,189,142600e40,.data
TablePair,14021e271,0,OK,18a,142600ec0,.data
TablePair,14021e271,0,OK,18b,142600f60,.data
TablePair,14021e271,0,OK,18c,142600fe0,.data
TablePair,14021e271,0,OK,18d,142601080,.data
TablePair,14021e271,0,OK,18e,142601120,.data
TablePair,14021e271,0,OK,18f,1426011c0,.data
TablePair,14021e271,0,OK,190,142601260,.data
TablePair,14021e271,0,OK,191,142601330,.data
TablePair,14021e271,0,OK,192,1426014a0,.data
TablePair,14021e271,0,OK,193,1426015f0,.data
TablePair,14021e271,0,OK,194,142601690,.data
TablePair,14021e271,0,OK,195,142601710,.data
TablePair,14021e271,0,OK,1fc,142601850,.data
TablePair,14021e271,0,OK,3e5,1426018d0,.data
TablePair,14021e271,1,CODE,,1413e9d50,.text
TablePair,14021e271,0,OK,3e6,1426019f0,.data
TablePair,14021e271,1,CODE,,1413e9dc0,.text
TablePair,14021e271,0,OK,3e7,142601a90,.data
TablePair,14021e271,1,CODE,,1413e9df0,.text
TablePair,14021e271,0,OK,3e8,142601b60,.data
TablePair,14021e271,1,CODE,,1413e9d00,.text
TablePair,14021e271,0,OK,3e9,142601ca0,.data
TablePair,14021e271,1,CODE,,1413e9e20,.text
TablePair,14021e271,0,OK,3ea,142601d20,.data
TablePair,14021e271,1,CODE,,1413e9e50,.text
TablePair,14021e271,0,OK,3eb,142601e60,.data
TablePair,14021e271,1,CODE,,1413e9ea0,.text
TablePair,14021e271,0,OK,3ec,142601f00,.data
TablePair,14021e271,1,CODE,,1413e9f00,.text
TablePair,14021e271,0,OK,3ed,142601fa0,.data
TablePair,14021e271,1,CODE,,1413e9ed0,.text
TablePair,14021e271,0,OK,3ee,142602020,.data
TablePair,14021e271,1,CODE,,1413e9f30,.text
TablePair,14021e271,0,OK,3ef,1426020f0,.data
TablePair,14021e271,1,CODE,,1413ea070,.text
TablePair,14021e271,0,OK,4f0,1426021c0,.data
TablePair,14021e271,1,CODE,,1413e9f80,.text
TablePair,14021e271,0,OK,4f1,1426022b0,.data
TablePair,14021e271,1,CODE,,1413e9fe0,.text
TablePair,14021e271,0,OK,4f2,142602330,.data
TablePair,14021e271,1,CODE,,1413ea010,.text
TablePair,14021e271,0,OK,4f3,1426023b0,.data
TablePair,14021e271,1,CODE,,1413ea040,.text
TablePair,14021e581,0,OK,196,142602710,.data
TablePair,14021e581,0,OK,3fa,142602b10,.data
TablePair,14021e581,1,CODE,,1413f8c20,.text
TablePair,14021e581,0,OK,3fb,142602c30,.data
TablePair,14021e581,1,CODE,,1413f8c50,.text
TablePair,14021e581,0,OK,3fc,142602880,.data
TablePair,14021e581,1,CODE,,1413f8c80,.text
TablePair,14021ea81,0,OK,19a,142604020,.data
TablePair,14021ea81,0,OK,19b,142604070,.data
TablePair,14021ea81,0,OK,19c,1426040c0,.data
TablePair,14021ea81,0,OK,19d,142604110,.data
TablePair,14021ea81,0,OK,1a0,142604160,.data
TablePair,14021ea81,0,OK,1a1,1426042d0,.data
TablePair,14021ea81,0,OK,1a2,142604460,.data
TablePair,14021ea81,0,OK,1a3,1426044b0,.data
TablePair,14021ea81,0,OK,1a4,142604500,.data
TablePair,14021ea81,0,OK,1a5,1426045a0,.data
TablePair,14021ea81,0,OK,1a6,142604880,.data
TablePair,14021ea81,0,OK,1a7,142604950,.data
TablePair,14021ea81,0,OK,1ad,142604d00,.data
TablePair,14021ea81,0,OK,1ae,142604d50,.data
TablePair,14021ea81,0,OK,1af,142604da0,.data
TablePair,14021ea81,0,OK,1b1,142604c80,.data
TablePair,14021ea81,0,OK,1b0,142604df0,.data
TablePair,14021ea81,0,OK,1b2,142604e70,.data
TablePair,14021ea81,0,OK,1b3,142604ef0,.data
TablePair,14021ea81,0,OK,1b4,142604f40,.data
TablePair,14021ea81,0,OK,1b5,142604fc0,.data
TablePair,14021ea81,0,OK,1b6,142605040,.data
TablePair,14021ea81,0,OK,1b8,1426049a0,.data
TablePair,14021ea81,0,OK,1bb,142604a70,.data
TablePair,14021ea81,0,OK,1bc,142604ac0,.data
TablePair,14021ea81,0,OK,19e,142604b10,.data
TablePair,14021ea81,0,OK,19f,142604bb0,.data
TablePair,14021ea81,0,OK,1b9,1426049f0,.data
TablePair,14021ea81,0,OK,1ba,142605090,.data
TablePair,14021ea81,0,OK,1a8,1426045f0,.data
TablePair,14021ea81,0,OK,1a9,142604690,.data
TablePair,14021ea81,0,OK,1ab,142604780,.data
TablePair,14021ea81,0,OK,1ac,142604800,.data
TablePair,14021ea81,0,OK,c,1426050e0,.data
TablePair,14021ea81,0,OK,3c,142605130,.data
TablePair,14021ea81,0,OK,d7,142605180,.data
TablePair,14021ea81,0,OK,109,1426051d0,.data
TablePair,14021ea81,0,OK,135,142605220,.data
TablePair,14021ea81,0,OK,172,142605270,.data
TablePair,14021ea81,0,OK,1aa,1426052c0,.data
TablePair,14021ea81,0,OK,1b7,142605310,.data
TablePair,14021ea81,0,OK,40b,142605360,.data
TablePair,14021ea81,1,CODE,,141410550,.text
TablePair,14021ea81,0,OK,40c,142607260,.data
TablePair,14021ea81,1,CODE,,1414105c0,.text
TablePair,14021ea81,0,OK,40d,1426053e0,.data
TablePair,14021ea81,1,CODE,,141410750,.text
TablePair,14021ea81,0,OK,40e,142605430,.data
TablePair,14021ea81,1,CODE,,141410790,.text
TablePair,14021ea81,0,OK,40f,142605480,.data
TablePair,14021ea81,1,CODE,,1414107d0,.text
TablePair,14021ea81,0,OK,410,142605570,.data
TablePair,14021ea81,1,CODE,,141410810,.text
TablePair,14021ea81,0,OK,411,1426055f0,.data
TablePair,14021ea81,1,CODE,,141410890,.text
TablePair,14021ea81,0,OK,412,142605640,.data
TablePair,14021ea81,1,CODE,,1414108f0,.text
TablePair,14021ea81,0,OK,414,1426057e0,.data
TablePair,14021ea81,1,CODE,,141410ad0,.text
TablePair,14021ea81,0,OK,416,142605980,.data
TablePair,14021ea81,1,CODE,,141410dd0,.text
TablePair,14021ea81,0,OK,413,142605760,.data
TablePair,14021ea81,1,CODE,,141410950,.text
TablePair,14021ea81,0,OK,415,142605900,.data
TablePair,14021ea81,1,CODE,,141410ba0,.text
TablePair,14021ea81,0,OK,417,142605aa0,.data
TablePair,14021ea81,1,CODE,,141410e40,.text
TablePair,14021ea81,0,OK,418,142605b20,.data
TablePair,14021ea81,1,CODE,,141410fc0,.text
TablePair,14021ea81,0,OK,419,142605b70,.data
TablePair,14021ea81,1,CODE,,141411000,.text
TablePair,14021ea81,0,OK,41a,142605ce0,.data
TablePair,14021ea81,1,CODE,,141411050,.text
TablePair,14021ea81,0,OK,41b,142605d30,.data
TablePair,14021ea81,1,CODE,,141411080,.text
TablePair,14021ea81,0,OK,41c,142605d80,.data
TablePair,14021ea81,1,CODE,,1414110b0,.text
TablePair,14021ea81,0,OK,41d,142605e70,.data
TablePair,14021ea81,1,CODE,,141411120,.text
TablePair,14021ea81,0,OK,41e,142605f60,.data
TablePair,14021ea81,1,CODE,,1414111b0,.text
TablePair,14021ea81,0,OK,41f,142605fb0,.data
TablePair,14021ea81,1,CODE,,1414111d0,.text
TablePair,14021ea81,0,OK,420,142606050,.data
TablePair,14021ea81,1,CODE,,141411290,.text
TablePair,14021ea81,0,OK,421,1426060a0,.data
TablePair,14021ea81,1,CODE,,1414112e0,.text
TablePair,14021ea81,0,OK,422,142606140,.data
TablePair,14021ea81,1,CODE,,1414114b0,.text
TablePair,14021ea81,0,OK,423,1426061c0,.data
TablePair,14021ea81,1,CODE,,1414114f0,.text
TablePair,14021ea81,0,OK,424,142606240,.data
TablePair,14021ea81,1,CODE,,1402401f0,.text
TablePair,14021ea81,0,OK,426,1426062c0,.data
TablePair,14021ea81,1,CODE,,141411520,.text
TablePair,14021ea81,0,OK,425,142606310,.data
TablePair,14021ea81,1,CODE,,141411560,.text
TablePair,14021ea81,0,OK,427,142606480,.data
TablePair,14021ea81,1,CODE,,141411600,.text
TablePair,14021ea81,0,OK,428,1426064d0,.data
TablePair,14021ea81,1,CODE,,141411620,.text
TablePair,14021ea81,0,OK,429,142606610,.data
TablePair,14021ea81,1,CODE,,141411720,.text
TablePair,14021ea81,0,OK,42a,1426066b0,.data
TablePair,14021ea81,1,CODE,,141411760,.text
TablePair,14021ea81,0,OK,439,1426067f0,.data
TablePair,14021ea81,1,CODE,,141411830,.text
TablePair,14021ea81,0,OK,430,1426068e0,.data
TablePair,14021ea81,1,CODE,,141411890,.text
TablePair,14021ea81,0,OK,431,1426069d0,.data
TablePair,14021ea81,1,CODE,,1414118d0,.text
TablePair,14021ea81,0,OK,434,142606ac0,.data
TablePair,14021ea81,1,CODE,,141411910,.text
TablePair,14021ea81,0,OK,438,142606b60,.data
TablePair,14021ea81,1,CODE,,141411a80,.text
TablePair,14021ea81,0,OK,435,142606c00,.data
TablePair,14021ea81,1,CODE,,141411ad0,.text
TablePair,14021ea81,0,OK,436,142606c80,.data
TablePair,14021ea81,1,CODE,,141411c00,.text
TablePair,14021ea81,0,OK,432,142606d50,.data
TablePair,14021ea81,1,CODE,,141411c80,.text
TablePair,14021ea81,0,OK,437,142606e20,.data
TablePair,14021ea81,1,CODE,,141411ba0,.text
TablePair,14021ea81,0,OK,433,142606ec0,.data
TablePair,14021ea81,1,CODE,,141411cd0,.text
TablePair,14021ea81,0,OK,42b,142606f60,.data
TablePair,14021ea81,1,CODE,,141411d40,.text
TablePair,14021ea81,0,OK,42c,142606fe0,.data
TablePair,14021ea81,1,CODE,,141411d80,.text
TablePair,14021ea81,0,OK,42e,142607060,.data
TablePair,14021ea81,1,CODE,,141411e00,.text
TablePair,14021ea81,0,OK,42d,1426070e0,.data
TablePair,14021ea81,1,CODE,,141411e50,.text
TablePair,14021ea81,0,OK,42f,142607160,.data
TablePair,14021ea81,1,CODE,,141411e90,.text
TablePair,14021ea81,0,OK,43a,1426071e0,.data
TablePair,14021ea81,1,CODE,,141410850,.text
TablePair,14021ee21,0,OK,1bd,1426074d0,.data
TablePair,14021ee21,0,OK,43b,142607550,.data
TablePair,14021ee21,1,CODE,,141440ad0,.text
TablePair,14021ee21,0,OK,43c,142607620,.data
TablePair,14021ee21,1,CODE,,141440b10,.text
TablePair,14021ee21,0,OK,43d,142607710,.data
TablePair,14021ee21,1,CODE,,141440b50,.text
TablePair,14021ee21,0,OK,43e,1426077b0,.data
TablePair,14021ee21,1,CODE,,141440b80,.text
TablePair,14021ee21,0,OK,43f,1426078d0,.data
TablePair,14021ee21,1,CODE,,141440bd0,.text
TablePair,14021ee21,0,OK,440,1426079c0,.data
TablePair,14021ee21,1,CODE,,141440c10,.text
TablePair,14021ee21,0,OK,441,142607ae0,.data
TablePair,14021ee21,1,CODE,,141440c60,.text
TablePair,14021ee21,0,OK,442,142607bd0,.data
TablePair,14021ee21,1,CODE,,141440df0,.text
TablePair,14021ee21,0,OK,443,142607c70,.data
TablePair,14021ee21,1,CODE,,141440e20,.text
TablePair,14021ee21,0,OK,444,142607e30,.data
TablePair,14021ee21,1,CODE,,141440eb0,.text
TablePair,14021ee21,0,OK,445,142607ed0,.data
TablePair,14021ee21,1,CODE,,141440ee0,.text
TablePair,14021ee21,0,OK,446,142607ff0,.data
TablePair,14021ee21,1,CODE,,141440ca0,.text
TablePair,14021ee21,0,OK,447,1426080c0,.data
TablePair,14021ee21,1,CODE,,141440cd0,.text
TablePair,14021ee21,0,OK,448,142608230,.data
TablePair,14021ee21,1,CODE,,141440d10,.text
TablePair,14021ee21,0,OK,449,1426082d0,.data
TablePair,14021ee21,1,CODE,,141440db0,.text
TablePair,14021ee21,0,OK,44a,1426083f0,.data
TablePair,14021ee21,1,CODE,,141440f20,.text
TablePair,14021ee21,0,OK,44b,1426084c0,.data
TablePair,14021ee21,1,CODE,,141440f50,.text
TablePair,14021ee21,0,OK,44c,1426085b0,.data
TablePair,14021ee21,1,CODE,,141440f90,.text
TablePair,14021ee21,0,OK,44d,142608680,.data
TablePair,14021ee21,1,CODE,,141440fc0,.text
TablePair,14021ee21,0,OK,44e,142608750,.data
TablePair,14021ee21,1,CODE,,141441000,.text
TablePair,14021ee21,0,OK,44f,142608870,.data
TablePair,14021ee21,1,CODE,,141441050,.text
TablePair,14021ee21,0,OK,450,142608910,.data
TablePair,14021ee21,1,CODE,,141441080,.text
TablePair,14021ee21,0,OK,451,1426089e0,.data
TablePair,14021ee21,1,CODE,,1414410c0,.text
TablePair,14021ee21,0,OK,452,142608b20,.data
TablePair,14021ee21,1,CODE,,141441110,.text
TablePair,14021ee21,0,OK,453,142608c10,.data
TablePair,14021ee21,1,CODE,,141441150,.text
TablePair,14021ee21,0,OK,454,142608d00,.data
TablePair,14021ee21,1,CODE,,141441190,.text
TablePair,14021ee21,0,OK,455,142608d80,.data
TablePair,14021ee21,1,CODE,,1414411c0,.text
TablePair,14021ee21,0,OK,456,142608e20,.data
TablePair,14021ee21,1,CODE,,1414411f0,.text
TablePair,14021ee21,0,OK,457,142608ef0,.data
TablePair,14021ee21,1,CODE,,141441220,.text
TablePair,14021ee21,0,OK,458,142608f90,.data
TablePair,14021ee21,1,CODE,,141441250,.text
TablePair,14021ee21,0,OK,459,142609060,.data
TablePair,14021ee21,1,CODE,,141441280,.text
TablePair,14021ee21,0,OK,45a,142609130,.data
TablePair,14021ee21,1,CODE,,1414412b0,.text
TablePair,14021ee21,0,OK,45b,142609200,.data
TablePair,14021ee21,1,CODE,,1414412f0,.text
TablePair,14021ee21,0,OK,45c,142609340,.data
TablePair,14021ee21,1,CODE,,141441340,.text
TablePair,14021ee21,0,OK,45d,1426093e0,.data
TablePair,14021ee21,1,CODE,,141441370,.text
TablePair,14021ee21,0,OK,45e,1426094d0,.data
TablePair,14021ee21,1,CODE,,1414413b0,.text
TablePair,14021ee21,0,OK,463,142609570,.data
TablePair,14021ee21,1,CODE,,1414413e0,.text
TablePair,14021ee21,0,OK,464,142609660,.data
TablePair,14021ee21,1,CODE,,141441420,.text
TablePair,14021ee21,0,OK,465,142609750,.data
TablePair,14021ee21,1,CODE,,141441460,.text
TablePair,14021ee21,0,OK,45f,1426097d0,.data
TablePair,14021ee21,1,CODE,,141441490,.text
TablePair,14021ee21,0,OK,460,1426098c0,.data
TablePair,14021ee21,1,CODE,,1414414d0,.text
TablePair,14021ee21,0,OK,461,142609960,.data
TablePair,14021ee21,1,CODE,,141441500,.text
TablePair,14021ee21,0,OK,462,142609a30,.data
TablePair,14021ee21,1,CODE,,141441540,.text
TablePair,14021ee21,0,OK,466,142609ad0,.data
TablePair,14021ee21,1,CODE,,141441650,.text
TablePair,14021ee21,0,OK,467,142609ba0,.data
TablePair,14021ee21,1,CODE,,141441690,.text
TablePair,14021ee21,0,OK,468,142609cc0,.data
TablePair,14021ee21,1,CODE,,141441570,.text
TablePair,14021ee21,0,OK,469,142609d60,.data
TablePair,14021ee21,1,CODE,,1414415a0,.text
TablePair,14021ee21,0,OK,46a,142609e50,.data
TablePair,14021ee21,1,CODE,,1414415e0,.text
TablePair,14021ee21,0,OK,46b,142609ef0,.data
TablePair,14021ee21,1,CODE,,141441610,.text
TablePair,14021ee21,0,OK,46c,142609fe0,.data
TablePair,14021ee21,1,CODE,,1414416d0,.text
TablePair,14021ee21,0,OK,46d,14260a080,.data
TablePair,14021ee21,1,CODE,,141441700,.text
TablePair,14021ee21,0,OK,46e,14260a1a0,.data
TablePair,14021ee21,1,CODE,,141441740,.text
TablePair,14021ee21,0,OK,46f,14260a220,.data
TablePair,14021ee21,1,CODE,,141441770,.text
TablePair,14021ee21,0,OK,470,14260a2f0,.data
TablePair,14021ee21,1,CODE,,1414417a0,.text
TablePair,14021ee21,0,OK,471,14260a3e0,.data
TablePair,14021ee21,1,CODE,,1414417e0,.text
TablePair,14021ee21,0,OK,472,14260a480,.data
TablePair,14021ee21,1,CODE,,141441810,.text
TablePair,14021ee21,0,OK,473,14260a550,.data
TablePair,14021ee21,1,CODE,,141441840,.text
TablePair,14021ee21,0,OK,474,14260a640,.data
TablePair,14021ee21,1,CODE,,141441880,.text
TablePair,14021f1d1,0,OK,179,14260b840,.data
TablePair,14021f1d1,0,OK,17a,14260b8e0,.data
TablePair,14021f1d1,0,OK,17b,14260b960,.data
TablePair,14021f1d1,0,OK,17c,14260ba80,.data
TablePair,14021f1d1,0,OK,17d,14260bb70,.data
TablePair,14021f1d1,0,OK,4b4,14260b7c0,.data
TablePair,14021f1d1,1,CODE,,14144cfd0,.text
TablePair,14021f501,0,OK,17e,14260dfc0,.data
TablePair,14021f501,0,OK,17f,14260e040,.data
TablePair,14021f501,0,OK,180,14260e0c0,.data
TablePair,14021f501,0,OK,181,14260e140,.data
TablePair,14021f501,0,OK,182,14260e190,.data
TablePair,14021f501,0,OK,183,14260e210,.data
TablePair,14021f501,0,OK,184,14260e290,.data
TablePair,14021f501,0,OK,186,14260e2e0,.data
TablePair,14021f501,0,OK,187,14260e360,.data
TablePair,14021f501,0,OK,188,14260e3b0,.data
TablePair,14021f501,0,OK,185,14260e430,.data
TablePair,14021f501,0,OK,497,14260cb80,.data
TablePair,14021f501,1,CODE,,141460330,.text
TablePair,14021f501,0,OK,498,14260ccd0,.data
TablePair,14021f501,1,CODE,,1414603a0,.text
TablePair,14021f501,0,OK,499,14260cc00,.data
TablePair,14021f501,1,CODE,,141460360,.text
TablePair,14021f501,0,OK,49a,14260cda0,.data
TablePair,14021f501,1,CODE,,1414603d0,.text
TablePair,14021f501,0,OK,49b,14260ce90,.data
TablePair,14021f501,1,CODE,,141460440,.text
TablePair,14021f501,0,OK,49c,14260cf10,.data
TablePair,14021f501,1,CODE,,141460470,.text
TablePair,14021f501,0,OK,49d,14260cfe0,.data
TablePair,14021f501,1,CODE,,1414604d0,.text
TablePair,14021f501,0,OK,49e,14260d100,.data
TablePair,14021f501,1,CODE,,141460520,.text
TablePair,14021f501,0,OK,49f,14260d1a0,.data
TablePair,14021f501,1,CODE,,141460550,.text
TablePair,14021f501,0,OK,4a0,14260d220,.data
TablePair,14021f501,1,CODE,,141460580,.text
TablePair,14021f501,0,OK,4a1,14260d2a0,.data
TablePair,14021f501,1,CODE,,1414605b0,.text
TablePair,14021f501,0,OK,4a2,14260d340,.data
TablePair,14021f501,1,CODE,,1414605e0,.text
TablePair,14021f501,0,OK,4a3,14260d3e0,.data
TablePair,14021f501,1,CODE,,141460610,.text
TablePair,14021f501,0,OK,4a4,14260d480,.data
TablePair,14021f501,1,CODE,,141460740,.text
TablePair,14021f501,0,OK,4a5,14260d520,.data
TablePair,14021f501,1,CODE,,141460770,.text
TablePair,14021f501,0,OK,4a6,14260d5c0,.data
TablePair,14021f501,1,CODE,,1414607a0,.text
TablePair,14021f501,0,OK,4a7,14260d6e0,.data
TablePair,14021f501,1,CODE,,1414607d0,.text
TablePair,14021f501,0,OK,4a8,14260d7b0,.data
TablePair,14021f501,1,CODE,,141460830,.text
TablePair,14021f501,0,OK,4a9,14260d850,.data
TablePair,14021f501,1,CODE,,141460890,.text
TablePair,14021f501,0,OK,4aa,14260d8d0,.data
TablePair,14021f501,1,CODE,,1414608c0,.text
TablePair,14021f501,0,OK,4ab,14260d950,.data
TablePair,14021f501,1,CODE,,1414608f0,.text
TablePair,14021f501,0,OK,4ac,14260d9d0,.data
TablePair,14021f501,1,CODE,,141460950,.text
TablePair,14021f501,0,OK,4ad,14260de50,.data
TablePair,14021f501,1,CODE,,1414609f0,.text
TablePair,14021f501,0,OK,4ae,14260dac0,.data
TablePair,14021f501,1,CODE,,141460a70,.text
TablePair,14021f501,0,OK,4af,14260db90,.data
TablePair,14021f501,1,CODE,,141460ab0,.text
TablePair,14021f501,0,OK,4b0,14260dbe0,.data
TablePair,14021f501,1,CODE,,141460ad0,.text
TablePair,14021f501,0,OK,4b1,14260dcb0,.data
TablePair,14021f501,1,CODE,,141460b50,.text
TablePair,14021f501,0,OK,4b2,14260dd80,.data
TablePair,14021f501,1,CODE,,141460bf0,.text
TablePair,14021f501,0,OK,4b3,14260df40,.data
TablePair,14021f501,1,CODE,,141460c80,.text
TablePair,14021f931,0,OK,1ce,14260ebd0,.data
TablePair,14021f931,0,OK,4bc,14260ec50,.data
TablePair,14021f931,1,CODE,,14146e800,.text
TablePair,14021f931,0,OK,4bd,14260ee10,.data
TablePair,14021f931,1,CODE,,14146e870,.text
TablePair,14021f931,0,OK,4be,14260ee90,.data
TablePair,14021f931,1,CODE,,14146e8a0,.text
TablePair,14021f931,0,OK,4bf,14260f070,.data
TablePair,14021f931,1,CODE,,14146e910,.text
TablePair,14021f931,0,OK,4c0,14260f190,.data
TablePair,14021f931,1,CODE,,14146e9a0,.text
TablePair,14021f931,0,OK,4c1,14260f280,.data
TablePair,14021f931,1,CODE,,14146e960,.text
TablePair,1402201f1,0,OK,1d7,142611690,.data
TablePair,1402201f1,0,OK,1d8,1426116e0,.data
TablePair,1402201f1,0,OK,1d9,142611760,.data
TablePair,1402201f1,0,OK,1dd,1426119f0,.data
TablePair,1402201f1,0,OK,1da,142611800,.data
TablePair,1402201f1,0,OK,1db,1426118a0,.data
TablePair,1402201f1,0,OK,1dc,142611920,.data
TablePair,1402201f1,0,OK,1de,142611a70,.data
TablePair,1402201f1,0,OK,1df,142611af0,.data
TablePair,1402201f1,0,OK,1e0,142611b90,.data
TablePair,1402201f1,0,OK,4da,142611c30,.data
TablePair,1402201f1,1,CODE,,141488c50,.text
TablePair,1402201f1,0,OK,4db,142611d00,.data
TablePair,1402201f1,1,CODE,,141488cc0,.text
TablePair,1402201f1,0,OK,4dc,142611dd0,.data
TablePair,1402201f1,1,CODE,,141488d10,.text
TablePair,140220681,0,OK,1e1,142612c50,.data
TablePair,140220681,0,OK,1e2,142612cf0,.data
TablePair,140220681,0,OK,1e3,142612d90,.data
TablePair,140220681,0,OK,1e4,142612e30,.data
TablePair,140220681,0,OK,1e5,142612ed0,.data
TablePair,140220681,0,OK,1e6,142612f70,.data
TablePair,140220681,0,OK,1e7,142613010,.data
TablePair,140220681,0,OK,1e8,1426130b0,.data
TablePair,140220681,0,OK,1ea,1426131a0,.data
TablePair,140220681,0,OK,1eb,142613240,.data
TablePair,140220681,0,OK,1ec,142613290,.data
TablePair,140220681,0,OK,1ed,142613310,.data
TablePair,140220681,0,OK,1ee,142613390,.data
TablePair,140220681,0,OK,1ef,142613430,.data
TablePair,140220681,0,OK,1f0,1426134b0,.data
TablePair,140220681,0,OK,1f1,142613760,.data
TablePair,140220681,0,OK,4de,142612370,.data
TablePair,140220681,1,CODE,,14148fee0,.text
TablePair,140220681,0,OK,4df,142612410,.data
TablePair,140220681,1,CODE,,14148ff20,.text
TablePair,140220681,0,OK,4e0,142612490,.data
TablePair,140220681,1,CODE,,14148ff50,.text
TablePair,140220681,0,OK,4e1,142612530,.data
TablePair,140220681,1,CODE,,14148ff80,.text
TablePair,140220681,0,OK,4e2,1426125d0,.data
TablePair,140220681,1,CODE,,14148ffb0,.text
TablePair,140220681,0,OK,4e3,142612670,.data
TablePair,140220681,1,CODE,,141490160,.text
TablePair,140220681,0,OK,4e7,142612710,.data
TablePair,140220681,1,CODE,,14148ffe0,.text
TablePair,140220681,0,OK,4e8,142612790,.data
TablePair,140220681,1,CODE,,141490010,.text
TablePair,140220681,0,OK,4e9,142612830,.data
TablePair,140220681,1,CODE,,141490040,.text
TablePair,140220681,0,OK,4ea,1426128d0,.data
TablePair,140220681,1,CODE,,141490070,.text
TablePair,140220681,0,OK,4eb,142612970,.data
TablePair,140220681,1,CODE,,1414900a0,.text
TablePair,140220681,0,OK,4ec,142612a10,.data
TablePair,140220681,1,CODE,,1414900d0,.text
TablePair,140220681,0,OK,4ed,142612ab0,.data
TablePair,140220681,1,CODE,,141490100,.text
TablePair,140220681,0,OK,4ef,142612bb0,.data
TablePair,140220681,1,CODE,,141490130,.text
TablePair,140220681,0,OK,4ee,142612b30,.data
TablePair,140220681,1,CODE,,141490190,.text
Bidirectional,1401a7134,0,OK,1,1425a6260,.data
Bidirectional,1401a7134,0,OK,2,1425a62e0,.data
Bidirectional,1401a7134,0,OK,3,1425a6380,.data
Bidirectional,1401a7134,0,OK,4,1425a6420,.data
Bidirectional,1401a7134,0,OK,5,1425a64c0,.data
Bidirectional,1401a7134,0,OK,6,1425a6540,.data
Bidirectional,1401a7134,0,OK,a,1425a65c0,.data
Bidirectional,1401a7134,0,OK,b,1425a66e0,.data
Bidirectional,1401a7134,0,OK,c,1425a6760,.data
Bidirectional,1401a7134,0,OK,e,1425a6800,.data
Bidirectional,1401a7134,0,OK,f,1425a68d0,.data
Bidirectional,1401a7134,0,OK,22,1425a6950,.data
Bidirectional,1401a7134,0,OK,10,1425a69d0,.data
Bidirectional,1401a7134,0,OK,14,1425a6aa0,.data
Bidirectional,1401a7134,0,OK,15,1425a6b40,.data
Bidirectional,1401a7134,0,OK,16,1425a6c10,.data
Bidirectional,1401a7134,0,OK,17,1425a6cb0,.data
Bidirectional,1401a7134,0,OK,18,1425a6d80,.data
Bidirectional,1401a7134,0,OK,19,1425a6e50,.data
Bidirectional,1401a7134,0,OK,1a,1425a6ed0,.data
Bidirectional,1401a7134,0,OK,1d,1425a6f50,.data
Bidirectional,1401a7134,0,OK,1e,1425a70c0,.data
Bidirectional,1401a7134,0,OK,23,1425a7110,.data
Bidirectional,1401a7134,0,OK,24,1425a7160,.data
Bidirectional,1401a7134,0,OK,25,1425a7300,.data
Bidirectional,1401a7134,0,OK,26,1425a7230,.data
Bidirectional,1401a7134,0,OK,27,1425a7420,.data
Bidirectional,1401a7134,0,OK,28,1425a7830,.data
Bidirectional,1401a7134,0,OK,1,1425a7950,.data
Bidirectional,1401a7134,1,CODE,,1402401f0,.text
Bidirectional,1401a7134,0,OK,2,1425a79d0,.data
Bidirectional,1401a7134,1,CODE,,140240200,.text
Bidirectional,1401a7134,0,OK,3,1425a7a50,.data
Bidirectional,1401a7134,1,CODE,,140240250,.text
Bidirectional,1401a7134,0,OK,7,1425a7bc0,.data
Bidirectional,1401a7134,1,CODE,,1402402a0,.text
Bidirectional,1401a7134,0,OK,4,1425a7d30,.data
Bidirectional,1401a7134,1,CODE,,1402402f0,.text
Bidirectional,1401a7134,0,OK,a,1425a8240,.data
Bidirectional,1401a7134,1,CODE,,140240490,.text
Bidirectional,1401a7134,0,OK,8,1425a7e50,.data
Bidirectional,1401a7134,1,CODE,,140240350,.text
Bidirectional,1401a7134,0,OK,d,1425a82e0,.data
Bidirectional,1401a7134,1,CODE,,1402404c0,.text
Bidirectional,1401a7134,0,OK,10,1425a80d0,.data
Bidirectional,1401a7134,1,CODE,,1402404e0,.text
Bidirectional,1401a7134,0,OK,12,1425a8850,.data
Bidirectional,1401a7134,1,CODE,,140240550,.text
Bidirectional,1401a7134,0,OK,11,1425a86e0,.data
Bidirectional,1401a7134,1,CODE,,140240500,.text
Bidirectional,1401a7134,0,OK,1b,1425a8b50,.data
Bidirectional,1401a7134,1,CODE,,1402405a0,.text
Bidirectional,1401a7134,0,OK,14,1425a8360,.data
Bidirectional,1401a7134,1,CODE,,1402405c0,.text
Bidirectional,1401a7134,0,OK,1c,1425a84a0,.data
Bidirectional,1401a7134,1,CODE,,140240600,.text
Bidirectional,1401a7134,0,OK,f,1425a85c0,.data
Bidirectional,1401a7134,1,CODE,,140240620,.text
Bidirectional,1401a7134,0,OK,17,1425a89c0,.data
Bidirectional,1401a7134,1,CODE,,140240660,.text
Bidirectional,1401a7134,0,OK,19,1425a8a10,.data
Bidirectional,1401a7134,1,CODE,,1402406a0,.text
Bidirectional,1401a7134,0,OK,18,1425a8b00,.data
Bidirectional,1401a7134,1,CODE,,140240790,.text
Bidirectional,1401a7134,0,OK,1a,1425a8bf0,.data
Bidirectional,1401a7134,1,CODE,,1402407f0,.text
Bidirectional,1401a7134,0,OK,1d,1425a8c70,.data
Bidirectional,1401a7134,1,CODE,,140240900,.text
Bidirectional,1401a7134,0,OK,1e,1425a8cf0,.data
Bidirectional,1401a7134,1,CODE,,140240920,.text
Bidirectional,14021c3b1,0,OK,121,1425f1ac0,.data
Bidirectional,14021c3b1,0,OK,310,1425f1b10,.data
Bidirectional,14021c3b1,1,CODE,,14135ce40,.text
Bidirectional,14021c3b1,0,OK,311,1425f1b90,.data
Bidirectional,14021c3b1,1,CODE,,14135ce70,.text
Bidirectional,14021c3b1,0,OK,31e,1425f1cb0,.data
Bidirectional,14021c3b1,1,CODE,,14135cec0,.text
Bidirectional,14021c3b1,0,OK,31f,1425f1d50,.data
Bidirectional,14021c3b1,1,CODE,,14135cef0,.text
Bidirectional,14021c3b1,0,OK,320,1425f1dd0,.data
Bidirectional,14021c3b1,1,CODE,,14135cf20,.text
Bidirectional,14021c3b1,0,OK,321,1425f1fa0,.data
Bidirectional,14021c3b1,1,CODE,,14135cf60,.text
Bidirectional,14021c3b1,0,OK,322,1425f20e0,.data
Bidirectional,14021c3b1,1,CODE,,14135d1f0,.text
Bidirectional,14021c3b1,0,OK,323,1425f21b0,.data
Bidirectional,14021c3b1,1,CODE,,14135d230,.text
Bidirectional,14021c3b1,0,OK,324,1425f2230,.data
Bidirectional,14021c3b1,1,CODE,,14135d260,.text
Bidirectional,14021c3b1,0,OK,325,1425f22b0,.data
Bidirectional,14021c3b1,1,CODE,,14135d290,.text
Bidirectional,14021c3b1,0,OK,326,1425f2420,.data
Bidirectional,14021c3b1,1,CODE,,14135d2f0,.text
Bidirectional,14021c3b1,0,OK,327,1425f24a0,.data
Bidirectional,14021c3b1,1,CODE,,14135d320,.text
Bidirectional,14021c3b1,0,OK,328,1425f2520,.data
Bidirectional,14021c3b1,1,CODE,,14135d350,.text
Bidirectional,14021c3b1,0,OK,329,1425f25c0,.data
Bidirectional,14021c3b1,1,CODE,,14135d380,.text
Bidirectional,14021c3b1,0,OK,32a,1425f2640,.data
Bidirectional,14021c3b1,1,CODE,,14135d3b0,.text
Bidirectional,14021c3b1,0,OK,32d,1425f27b0,.data
Bidirectional,14021c3b1,1,CODE,,14135d450,.text
Bidirectional,14021c3b1,0,OK,32b,1425f2850,.data
Bidirectional,14021c3b1,1,CODE,,14135d3e0,.text
Bidirectional,14021c3b1,0,OK,32c,1425f26e0,.data
Bidirectional,14021c3b1,1,CODE,,14135d410,.text
Bidirectional,14021c3b1,0,OK,32e,1425f28f0,.data
Bidirectional,14021c3b1,1,CODE,,14135d480,.text
Bidirectional,14021c3b1,0,OK,32f,1425f2970,.data
Bidirectional,14021c3b1,1,CODE,,14135d4b0,.text
Bidirectional,14021c3b1,0,OK,330,1425f2a40,.data
Bidirectional,14021c3b1,1,CODE,,14135d4f0,.text
Bidirectional,14021c3b1,0,OK,331,1425f2ac0,.data
Bidirectional,14021c3b1,1,CODE,,14135d520,.text
Bidirectional,14021c3b1,0,OK,332,1425f2b40,.data
Bidirectional,14021c3b1,1,CODE,,14135d550,.text
RecvOnly,14021cf4d,0,OK,10f,1425fa480,.data
RecvOnly,14021cf4d,1,CODE,,1413a4fc0,.text
RecvOnly,14021fc5d,0,OK,4cd,1426105d0,.data
RecvOnly,14021fc5d,1,CODE,,14147ac10,.text
RecvOnly,14021fc5d,0,OK,4ce,142610650,.data
RecvOnly,14021fc5d,1,CODE,,14147ac70,.text
RecvOnly,14021fc5d,0,OK,4cf,1426106f0,.data
RecvOnly,14021fc5d,1,CODE,,14147ad00,.text
RecvOnly,14021fc5d,0,OK,4d0,142610790,.data
RecvOnly,14021fc5d,1,CODE,,14147ad80,.text
RecvOnly,14021fc5d,0,OK,4d1,142610880,.data
RecvOnly,14021fc5d,1,CODE,,14147add0,.text
TablePair,14021fc0a,0,OK,4c3,142610370,.data
TablePair,14021fc0a,1,CODE,,141479f70,.text
TablePair,14021fc0a,0,OK,4c4,1426104b0,.data
TablePair,14021fc0a,1,CODE,,14147a010,.text
TablePair,140222bfa,0,OK,505,142616ba0,.data
TablePair,140222bfa,1,CODE,,141548c40,.text
